,text,start,end
0,สวัสดีครับ,12.618,13.722
1,สวัสดี นักลงทุนทุกท่านนะครับ,14.058,16.53
2, แล้วก็คุณผู้ชมทุกท่านนะครับ,16.53,19.002
3,วันนี้ก็เป็นวัน Auxility Day ที่ผมจะรายงาน,19.242,23.226
4,การล่าสุดนะครับ,23.562,24.762
5,ซึ่งก็ล่าสุดในชื่อไทม่าส์ 2 นะครับ,25.29,28.16
6,แล้วก็อัปเดตเรื่องต่างๆ ของบริษัท Interfarm มา,28.16,31.29
7,เดี๋ยวนะครับ โทษทีครับ,44.298,45.594
8,ก็วิสัยทัศน์ของบริษัทนะครับ,53.706,56.154
9,ก็เราต้องการเป็นพื้นฐานผลิตภัณฑ์สุขภาพแบบครบวงจรนะ,56.586,59.97
10,ครับ ทั้งของคนและของสัตว์จากต้นน้ำ เดินตามตอนน้ำนะครับ,59.97,63.354
11,ก็ขอมอบบินทรัลสุขภาพแบบพวกองค์กรก็,63.882,66.81
12,จะพูดให้ฟังนะครับว่า ว่าเป็นอย่างไรนะครับ,66.954,69.52199999999999
13,แล้วก็จากส้นน้ำเป็นปลายน้ำเป็นอย่างไรนะครับ,69.52199999999999,72.08999999999999
14,สำหรับครบวงจรนะครับ เคยพลัดสุขภาพ,74.25,77.091
15,ในวิสัยทางของบริษัทก็คือว่า,77.091,79.67399999999999
16,จะหมายความว่า ตั้งแต่,79.722,81.978
17,ที่หัวคนเดิมนิดเลยนะครับก็คือเรื่องเกี่ยวกับนวัตกรรมนะครับ ตอนนี้,82.506,86.202
18,งานของผมที่ทำหลักๆ ก็คือเป็นการ,86.346,88.89
19,ไปหาอนุมัติธรรมใหม่ๆ นะครับใน,89.322,91.631
20,การรักษาแล้วก็การป้องกันโรคนะครับ,91.631,94.17
21,แล้วก็ถัดมาอันนี้ก็จะเป็นเรื่องของยาซึ่งปัจจุบัน,94.794,97.752
22,เรามีโรงงานยา 2 โรงนะครับที่ผลิตยาที่เรียกว่า,97.752,100.525
23,เจินดาลิกนะครับหรือ Phenocytical ที่เป็นเจินดาลิก,100.525,103.483
24,แล้วก็จะมีเรื่องของมูลค่าสุทิศแล้ว,105.162,107.442
25,ก็ Cost-Based Surgical นะครับซึ่งมันเป็น,107.442,109.722
26,ตรงกลางนะครับระหว่าง,109.77,111.354
27,อาหารเสริมจากยานะครับที่เรียกว่าฟูจินาเทศักดิ์,111.882,115.29
28,แล้วก็ระหว่างเครื่องสำอางกับยาเนี่ยก็จะเรียกว่า,115.626,119.322
29,คอร์สเมสิทธิพลหรือเม็ดสัมภาษณ์นะครับ,119.754,122.394
30,แล้วก็หมายรวมถึงเรื่องของเจ็บกับ Healthy,123.21,125.824
31," Food, Healthy Drink, Healthy Snack",125.824,127.962
32,แล้วก็ Personal Care อันนี้ก็ยังอยู่,128.682,131.298
33,ในสโคปที่ทางบริษัทจะดำเนินธุรกิจ,131.298,133.91400000000002
34,เพราะว่าผมเองก็มีความเชื่อว่า,135.498,137.85
35,ที่ทานสุขภาพอย่างเช่นอาหารเนี่ยอนาคตมันอาจ,138.186,140.89
36,จะแตกต่อกันตั้งแต่การที่เรารับประทานอาหาร,140.89,143.80200000000002
37,อาหารที่เราทานกันในต่างๆเนี่ย,144.426,146.49
38,ก็คนก็จะเริ่มใส่ใจเรื่องว่า อุ๊ย อาหารที่ทำจะต้องปลอดภัย แล้วก็,146.922,150.81
39,ตีต่อสุขภาพนะครับ บนทั้งเครื่องดื่ม,150.858,153.594
40,สมทบของท่านได้ถูกแล้วครับ,153.834,155.61
41,พูดถึงความอักเสรีฟังก์นะครับอันนี้ก็จะเป็นตัวอย่างของยาที่,157.866,161.466
42,โรงงานโรงผลิตจากทั้งสองโรงงานนะครับที่สำเร็จประจาน,161.898,165.252
43,ที่ภายใต้ซื้อใบสัดย่อยที่ชื่อว่า Modern Smart มาก,165.252,168.186
44,แล้วก็โรงงานที่ชื่อ Inter-,168.618,170.914
45,Sarma ที่อยู่สู่อายุธยานะครับ,170.914,173.46599999999998
46,ที่อยู่ในฝงปรึกษากรรมรถชนะ 2 นะครับ อย่างเช่นซิงเหล็ก,173.802,176.797
47,ก็เป็นยารถไขมัน เม็ดฟอลลินก็เป็นยาประวัติ,176.797,179.418
48,Sensing ก็คือยาแก้แพ้แบบเม่งง่วง AlloTap,179.946,182.274
49, ก็เป็นยาแก้แพ้แบบเม่งง่วงอีกกลุ่มหนึ่งนะครับ,182.274,184.602
50,ทั้งสองกลุ่มเนี้ยก็เป็น เอ่อ ปัจจุบันแพทย์ก็จะใช้กันอยู่ด้วยครับ,184.938,188.73
51,ไปกับซ่อนก็พยายามรักษาโรคเฟลิร์นนะครับ,189.258,191.514
52,ดังนั้นขวาก็จะเป็นตัวอย่างของยาที่ผลิตที่,191.754,195.354
53,สมมติประการนะครับ ปัจจุบันเนี่ย 3 ตัวเนี่ย,195.882,198.714
54,เราก็มีแผนนะครับในการที่จะทำให้มันเป็น OTC แปลนะครับ,198.858,202.554
55,ที่จะเป็นยาที่ใช้กันอย่างเท่าไหร่ในร้านใช้ยา,203.082,206.778
56,อย่างเช่นเบลล่าพลาเนี่ยเป็น,207.018,208.922
57,ยาสามัญประจำบ้านนะครับ,208.922,211.098
58,มี,211.53,212.346
59,ที่เราคุ้นควบต่อ,212.49,213.402
60,อันนี้เขาจะหาที่มีคำว่าเป็นพรีเซนเตอร์นะครับ,213.45,215.898
61,ก็ส่วนโรงงานอายุทธยาเราก็จะผลิตที่,217.962,221.178
62,น่าจะเป็นยอดของคนในมิตรนะครับ ที่เป็นกลุ่มที่เรียกว่าญาตา,221.226,225.018
63,ซึ่งยาต่างก็อย่างที่เคยเรียนแล้วลงคือหลายๆครั้งนะครับว่า,225.834,229.722
64,ยาตาในเมืองไทยมีโรงงานที่,229.962,232.722
65,สามารถผลิตยาตาได้ไม่กี่โลม,232.722,235.482
66,คิดว่าถ้าเป็นผู้ผลิตในประเทศเนี่ยโรงงาน,236.202,239.322
67,ยุทยาน่าจะเป็นอันดับหนึ่ง,239.562,241.242
68,นอกนั้นก็จะเป็นสินค้านำ,241.866,243.354
69,เอ้า นะครับ,243.498,244.41
70,แล้วก็ผลิตในมาตรฐาน เปิดระดับโลกนะครับ,244.554,247.482
71,ที่กลุ่มนี้ก็เลยยังเป็นที่ทางเพวา,247.818,250.29
72,หรือศักยาดับดุโกวิสลาเอนะครับ,250.29,252.76200000000003
73,มันก็เป็นยาเจนลิก บริษัทยาเจนลิก,253.002,255.045
74,อันดับหนึ่งของโลกเนี่ยเขามาจ้างเราผลิตอยู่,255.045,257.274
75,ผลิตยาตาต่อสัตว์,257.418,258.522
76,แต่อย่างที่เคยเรียนนะครับ เราก็จะมีแผน,259.338,261.481
77,ผลิตยาตาของเราเอง ซึ่งตอนนี้ก็พัฒนาอยู่,261.481,263.802
78,แต่เขาจะมีขั้นตอนการขึ้นเรียนอะไรต่างๆ ก็,264.714,267.354
79,คิดว่าจะล้อสิบยาตาของเราเองได้ในปี,267.402,270.042
80,สองพันห้าร้อยหกสิบแปดนะครับ,270.186,272.154
81,ปี 2 เนี่ย,272.394,273.402
82,ยี่สิบห้าอีก,273.546,274.65
83,อีก 2 ปีข้างหน้านะครับ,274.89,276.378
84,นี้ก็จะเป็นตัวอย่างนะครับโฆษณา เอ่อ,278.442,281.036
85, ที่จริงๆแล้วเป็นคลิปนะครับ แต่เข้าใจว่า,281.036,283.866
0, Many have said it was a,284.682,286.65
1, Open up.,287.658,288.762
86,พวกนี้มันทรงไป,289.098,290.394
87,เป็น PDF file นะครับ,290.538,293.082
88,นี้เราก็จะมาด้วยความสัมพันธ์เรื่องของการ,293.13,295.842
89,ลดไข้แล้วก็บรรทองการปวดทั้ง 7 นะครับ,295.842,298.554
90,เราจะเห็นว่า ยาแก้ปวดในท้องตลาดประเยศ ,299.082,301.859
91,ปุ๊บ ยาแก้ปวดหัวนะครับ,301.859,303.354
92,พวกเราเนี่ยได้รับการอุณหภัทรจากออย่อเนี่ย,303.786,306.042
93,สามารถประทับอาจารย์ปวดได้ถึง 7 ปวดนะครับ,306.09,308.73
94,ไม่ว่าจะปวดหัว ปวดฟัน ปวดประจำ,308.874,311.49
95,เดือน ปวดท่อ ปวดเมื่อยจากไขวัตถ์นะครับ,311.49,314.106
96,ตอนนี้เราก็ยินโฆษณาอยู่ คิดว่าหลายๆท่านคงได้เห็นเลยครับ,316.362,319.674
97,พอ นี้ครับ เป็นหลัก,321.162,322.362
98,ออกพุทธศาสนาขึ้นนะครับ,322.506,323.898
99,แต่เสียงอาจจะไม่ออกนะครับ หัวปวดประจำเดือนนะครับ,324.522,327.834
100,ตรวจรั่งอยู่เลยครับ,330.09,331.29
101,ปวดหัว ปวดหลัง ปวดฟัน ปวดข้อ ปวดก้าวเนื้อ,334.794,337.122
102, ปวดประจำเดือน ปวดเมื่อยจัดให้หวานนะครับ,337.122,339.44999999999993
103,ปัจจุบันก็ขายอยู่ในทุกช่องทาง,339.882,342.258
104,นะครับ ไม่ว่า 7-11 มีนี้มา,342.258,344.634
105,บัตรโบริเวิร์นเทรดแล้วก็ร้านขยะรั่วไฟนะครับ,345.066,347.994
106,"ตอนนี้เราก็คิดว่าเรากระจายได้อยู่ประมาณสัก 4,000",348.33,351.389
107," ล้านชานะครับ เราพยายามจะขยายให้พวก 10,000 ล้านชานะครับ",351.389,354.618
108,อันนี้เราก็ปัจจุบันเราก็เลยมีผลิตภัณฑ์,356.394,359.956
109,ที่เรามีพรีเซนเตอร์อยู่ 3 ตัวนะครับ,359.956,362.97
110,เวลาภาระก็คือคนอ้างนะครับ,364.266,366.5750000000001
111, ยาสีฟันโปรเบิร์ติกของเราก็คือคุณ,366.5750000000001,369.114
112,อินเตอรี่นะครับ,369.546,370.65
113,แล้วก็มีโปรแกรม Student ที่คุณ,370.89,374.106
114,แม่นแคพพิยายัน อินพอสกับตับ,374.442,376.602
115,ในกลุ่มนูเท้า ซูลิโคลด์ และเหมือนเดิม ผลัดเมืองทองโลก,379.722,383.322
116,จะมีตั้งแต่โปรแกรม ฟรีโบล วิตามินรวมต่างๆ,383.322,386.682
117,แล้วก็อย่างที่ท่านทราบนะครับว่า,389.514,392.826
118,โอแบคของเราก็ยังเป็นยอดขายอันดับหนึ่งในร้านขยะนะครับ,392.874,396.474
119,แล้วในโรงพยาบาลก็เป็นอันดับหนึ่งนะครับ ใน,396.906,399.522
120,"แง่ของกลุ่ม 7,000 โปรไกโอติกนะครับ",399.522,402.138
2, ก็ผิด,402.954,404.25
121,เนื่องจากว่าเขาจะมีผู้ใช้กันอยู่อย่างแค่ไหน,405.354,408.858
122,อันนี้สิ่งที่เราหล่อเห็นไหมครับว่าผมมี,409.578,412.41
123,ตัวสีแดงเนี่ย คือบอกระวังสินค้าปอมแล้วล่อเล่นแบบ,412.65,416.058
124,สิ่งที่กระทบกับเราค่อนข้างมากก็คือสินค้าออมแล้วก็โลกเรียนแปลก,416.298,420.09
125,แล้วโปรแกรมเนี่ยเราก็ผมเองก็มาตั้งแต่นั้น,420.906,423.354
126,เพราะว่าเวลาคุณโฟกัสกับปัจจุบันในท้องถนนมีค่อนข้างเยอะ,423.498,426.884
127,นะครับ เราเป็นรายแรกก็จริง ปัจจุบันเหล่านี้ก็น่าจะมีเป็นร้อย,426.884,430.458
128,ผลิตภัณฑ์เนี่ย,430.506,431.61
129,แต่ก็เพราะว่า เราผมเองก็,431.658,433.759
130,จะแนะนำว่าควรจะใช้ตัวที่,433.759,436.122
131,หรือคณะกรรมการแพทย์ไม่ว่าจะแพทย์,436.362,438.5220000000001
132,เป็นศักดิ์สกรเนี่ยเราใช้นะครับเชื่อถือ,438.5220000000001,440.922
133,เราก็น่าจะเป็นแบรนด์เดียวที่ขายอยู่ในโรงพยาบาล,441.45,445.242
134,ว่าเครดิตสันนำนะครับ เครดิตสโลวัตต์ต่างๆ นะครับ,446.154,449.178
135,อันนี้ก็จะเป็นกลุ่ม,452.202,453.402
136,เสื้อสำปะเลยนะครับ,453.546,454.746
137,ก็จะส่วนใหญ่เราจะพัฒนาอยู่บนทหารของโปรเกติก,455.946,459.306
138,นะครับ ไม่ว่าจะยาสิทธิ์บรรพบุรังนะ โปรเกติก,459.306,462.426
139,แล้วก็มูสสำหรับล้างซึ่งซ่อนเลนนะครับ,462.858,466.074
140,ก็เป็นภายใต้แบบที่ชื่อว่า TSO มูส ยูมูส,466.314,469.818
141,แล้วก็ YouTube Test นะครับ,470.25,471.738
142,วันนี้ก็อยากเสียกว่า 10 วัน แต่ว่า,473.034,475.068
143, 10 วันเราก็ต้องเสียเงินแปลงเดี๋ยวที่เรา,475.068,477.306
3, Om,477.93,478.746
144,อันนี้ก็ต้องได้หนูมาจากเอายอ,478.89,481.122
145,นะครับว่า คบจบในหลอดเดียวนะครับ,481.122,483.354
146,Policies of care is to provide the benefit,483.498,486.33
147,ก็ได้ทุก ๆ ด้านนะครับ ไม่ว่าจะฟันขาว,486.858,490.266
148,กลิ่นปลานะครับ รสชาติครับ,490.314,492.762
149,รสชาติผิดปูนนะครับ อะไรต่างๆ,493.002,495.354
150,จริงๆแล้วในแง่ของการวิจัยเนี่ย ใน,495.594,498.096
151,แง่ของ Paper และ Application ต่างๆเนี่ย,498.096,500.826
152,แนวโน้ตนะครับถ้าเราถามทันตแพทย์เนี่ยก็จะมี,501.258,504.162
153,บทบาทกับการใช้โปรเกติกเนี่ยเป็นระยะสิบวัน,504.162,507.066
154,มากขึ้นเรื่อยๆ นะครับ,507.21,508.506
155,เราก็อยากจะเรียนว่าจริงๆแล้วสูตรของเราเนี่ยเป็นสูตรที่ดีๆเอ่อ,510.57,514.17
156,เฉพาะเราใส่สารฉับฟันไม่มาก รสชาติอ่อนโยง,514.602,517.582
157, และสร้างสมดุลของแบคทีเรียในช่องปาก,517.582,520.314
158,"จริงๆ แล้วปรัชญาในช่วงป่ามีถึง 50,000 ล้านตัวนะครับ",521.034,524.922
159,บางครั้งก็จะเช่าคนให้ว่า,525.546,527.586
160, จุดครั้งนี้เปลี่ยนทั้ง 70 ล้านตัว,527.586,529.626
161,เพราะฉะนั้นก็ควรจะใช้ยาสิทธิ์พอที่จะสร้างสมดุลยาวแบคทีเรียในช่องปาก,530.346,534.234
162,เพราะว่าช่องปากที่ดีเป็นพื้นฐานนะครับ,534.858,537.21
163,ในการที่จะมีชีวิตที่ยินยาวแล้วก็ชะลอไว้นะครับ,538.122,541.338
164,นะครับ นอกจากทำไส้เลย,541.962,543.354
165,แล้วปากก็จะเป็นตึกเริ่มต้นของการรับประทานอาหาร,543.69,546.714
166,ก็ตลอดทางเดินทางหาที่ดีเนี่ย,547.626,549.7139999999999
167,ก็จะทำให้สุขภาพดีนะครับ,549.7139999999999,551.8019999999999
168,แล้วก็ตัวนี้ที่เราคิดว่าเป็นนวัตกรรมนะครับ ซึ่งภายใต้,553.194,556.338
169,เป็นสัจเจวีระหว่าง Interformer กับ Thai Union นะครับ,556.338,559.482
170,ไทยอินเตอร์ฟาร์ม่าถึงหุ้น 51% ไทยอยู่เนี่ย,559.818,562.514
171,ถึงหุ้น 49% นะครับ ชื่ออินเตอร์ฟาร์ม่าสิบสาม,562.514,565.434
172,อันนี้เราก็หลังจากเรา,565.866,567.834
173,ลอง ถ้าลองจราจรต่างๆ ก็,567.882,570.042
174,ผมคิดว่าน่าจะถึงเวลาที่เราจะ,570.378,572.898
175,เริ่มทำการที่จะให้คนรู้จักแค่ไหน,572.898,575.418
176,ว่ามี DSA ถึง 600 อเมริกาเนอะ,575.85,578.202
177,เราก็คิดว่าตัวนี้จริงๆแล้วเป็นนวัตกรรมมากนะครับ,578.73,581.922
178, ผมเองก็ทานทุกวัน แล้วให้คุณแม่ทาน ให้ลูกทานเนี่ย,581.922,585.114
179,เพราะพบว่ามีสิ่งเหงา,585.546,586.938
180,คือพันธมณ์ในท้องตลาดไม่มี DSA,588.522,591.138
181, ได้ถึงไม่เกินแค่ร้อยกว่าบริการ,591.138,593.754
182,600 มีกรัมเนี่ยจะเทียบเท่ากับการป่าถึง เราจะ,594.186,597.029
183,เขียน DHA 600 มีกรัมต้องผ่านป่าถึง 20 กิโลนะครับ,597.029,600.09
184,ยังก็มาด้วย Position 20 กิโลนะครับ,600.522,602.97
185,แล้วก็อย่างที่เรียนนะครับว่าโรงงานยุทธยาเนี่ย,603.594,605.922
186, ตอนนี้เราก็ทำได้กับปีที่แล้วนะฮะ 2022,605.922,608.25
187,แผนที่เราจะปรับให้เป็น EU Standard นะครับ เป็น,608.682,611.386
188, Standard ระดับโลกสามารถจะฝึกออกไปทั่วโลกได้,611.386,614.298
189,เรากำลังทำยาตานะครับ ซึ่งเป็นภัยหนึ่งของโลกนะครับ,614.826,617.754
190,เพราะปัจจุบันเดียวกันจะเป็นโรคตากันค่อนข้าง,618.186,620.5070000000001
191,มากนะครับไม่ว่าเด็กที่จะเป็นสายตาสั้น,620.5070000000001,622.6500000000001
192,คนแก่มากขึ้นก็จะมีสายตายามาก,622.794,625.17
193,ขึ้นมีท่อประจกมากขึ้นท่อดินมากขึ้น,625.17,627.5459999999999
194,อักเสบมากขึ้นนะครับ,627.882,629.274
195,แล้วก็นี่ครับก็คิดว่าน่าจะ launch ได้นะ,629.994,632.551
196,ครับในเดือนต้นมากับ 4 ปี พ.ศ. 2526 นะครับ,632.551,635.322
197,เพราะว่ามันจะมีกระบวนการผลิตเทคโนโลยี ทานเฟอร์ ขึ้นทะเบียนอะไรต่างๆ,635.946,639.546
198,แล้วก็เราก็มีแผนนะครับที่เราก็จะทำไปสู่,641.418,645.402
199,ยาสมุนไพรแบบโมเดิร์นนะครับ แบบสมัยใหม่,645.45,648.186
200,แล้วก็มีแผนที่จะทำยาหม่อมยาดม,648.906,652.41
201,ลูกอมสมุนไพรเลยครับ เนื่องจากว่า,652.458,654.618
202,โรงงานสมุดประการเราได้รับบริการในการผลิต,654.762,657.498
4, Hello. Hello.,657.834,658.65
203,เป็นพระสมุนไพรแล้วนะครับ,658.794,660.378
204,สมุทรไทยก็เป็นเพียงหนึ่งของโลกนะครับ,660.81,663.066
205,ผมคิดว่า ลูกอมเราก็เป็นลูกอมที่,663.69,666.514
206,มีแตกต่างกับบรรเทาอาจารย์ไอได้นะครับ,666.514,669.594
207,มีการถ่ายข่าวที่ป้องกันการติดเชื้อ รถการอักเสบได้,669.93,673.434
208,แล้วก็ในแง่ของสัตว์นะครับ เป็นพันธุ์สุขภาพ แล้วก็ควบวงจรเลยครับ,675.498,678.906
209,ตาม 3 เหรียญเลยครับ,679.146,680.442
210,ไม่ว่าเราจะเป็นยานะครับ,680.778,683.01
211,ถุงยาสำหรับน้องหมาน้องแมว,683.01,685.242
212,อ๋อ โอเค โอเค โอเค โอเค โอเค โอเค โอเค โอเค โอเค โอเค โอเค โอเค โอเค โอเค โอเค โอเค โอเค โอเค โอเค โอเค โอเค โอเค โอเค โอเค โอเค โอเค โอเค โอเค โอเค โอเค โอเค โอเค โอเค โอเค โอเค โอเค โอเค โอเค โอเค โอเค โอเค โอเค โอเค โอเค โอเค โอเค โอเค โอเค โอเค โอเค โอเค โอเค โอเค โอเค โอเค โอเค โอเค โอเค โอเค โอเค โอเค โอเค โอเค โอเค โอเค โอเค โอเค โอเค โอเค โอเค โอเค โอเค โอเค โอเค โอเค โอเค โอเค โอเค โอเค โอเค โอเค โอเค โอเค โอเค โอเค โอเค โอเค โอเค โอเค โอเค โอเค โอเค โอเค โอเค โอเค โอเค โอเค โอเค โอเค โอเค โอเค โอเค โอเค โอเค โอเค โอเค โอเค โอเค โอเค โอเค,685.866,688.602
213,สำเนาและแมวนะครับ,689.034,690.714
214,ไม่ว่าจะเป็นแชมพูนะครับ,691.242,693.306
215,อย่างสมุดเวทสมทางของน้องหมากน้องแมวเนี่ย,693.546,696.09
216,แล้วก็เซ็นปูนรกร่างดับหนึ่งนะครับ,696.138,698.01
217,แล้วก็ไม่ว่าจะเป็นอาหารสุขภาพนะครับของเราเป็นเว็บโพดับที่,698.922,702.906
218,"ทั้ง P-Civative Free-Gift, Gluten-Free,",703.146,706.3209999999999
219," Grain-Free ที่ยังใส่ P-Bertig, Omega 3",706.3209999999999,709.7219999999999
220,ปัจจุบันเราก็ส่งออกไป 5 ประเทศนะครับ,710.442,713.274
221,แล้วก็ยังขึ้นเรียนอยู่อีกสองประเทศนะครับก็น่าจะ,713.802,717.018
222,ส่งออกเลยภายในช่วงปีนี้อาจจะส่งออกได้ทั้งหมด 7 ประเภทนะครับ,717.354,720.762
223,เดือนหน้าเราก็จะมีการไปออกบูที่ยุโรปนะครับ เราก็จะเปิดตลาดที่ยุโรป,721.29,725.274
224,นะครับ อันนี้ก็อยู่ภายใต้บริษัทรวมทุนระหว่าง,727.434,730.362
225,Interformer แล้วก็,730.698,732.186
226,ออมเกณฑ์เอเชียนนะครับเอเชียนอะไรอ่ะอันสุดนะครับ,733.77,736.314
227,เราถือหุ้น 60% นะครับ ห้องเรียนเอเชียน,736.554,739.17
228,อะไรอันนั้นถือหุ้นอยู่ 40% นะครับ,739.17,741.786
229,นี่ก็คือคำว่าเป็นทางสุขภาพแบบพกวงจร,742.506,745.246
230,แล้วก็คำว่าต้นน้ำยันปลายน้ำเนี่ย,745.246,747.3539999999999
231,ปัจจุบันเราก็มีโรงงานอยู่ 2 โรง,747.594,749.826
232,งานนะครับ โดยเฉพาะโรงงานที่วิทยาเนี่ย,749.826,752.058
233,จะมีไทยหลับแทนที่,752.202,753.402
234,ในการวิจัยและก็พัฒนา,753.546,755.13
235,หลังจากนั้นก็จะมีการผลิตนะครับ,755.562,757.626
236,ที่ Modern Farmer เราก็มีการพิจารณาพัฒนานะครับ พิจารณาเอาไปทำ,758.154,762.042
237,อย่าทั่วไปนะครับ,762.186,763.482
238,อาหารเสริม ไม่ใช่น้ำมันบาด แล้วก็ไม่ใช่สำอาง,763.626,766.746
239,หลังจากนั้นเราก็จะผลิตนะครับ,767.37,769.338
240,ปลายน้ำปัจจุบันเราก็มีร้านขยะนะครับ,769.578,771.93
241,แล้วก็มีโรงพยาบาลอยู่ 1 แห่งที่เราถึงรูป 50% นะครับ,772.17,775.674
242,นั่นแหละ เราก็ขยายตัวอยู่เรื่อยๆนะครับ,776.298,778.458
243,พูดถึงกรณีโรงงานยุทยาปัจจุบัน,778.986,781.274
244, แล้วก็ Circular capacity ได้,781.274,783.354
245,มากขึ้นเรื่อยๆ จากการที่เราก็จะ,783.498,785.73
246,ไปคุยหาพาราแบบชิปเพิ่มนะครับ,785.73,787.962
247,ซึ่งก็ยังเป็น on-going process อยู่เรื่อย ๆ นะครับ,788.778,792.186
248,หรือว่านักลงทุนหลายท่านก็มีได้ไปถึง,792.81,794.9069999999999
249,ผมนะครับ ในแง่ของปลายน้ำเนี่ยปัจจุบันเนี่ย,794.9069999999999,797.1779999999999
250,นักฟอร์มเมอร์ซีนเราก็มีการขยายเพิ่มอีก 7,797.802,800.514
251, สาขาในปีนี้ก็เป็น 27 สาขานะครับ,800.514,803.226
252,แล้วก็คิดว่าถึงสิ้นปีนะครับ เอาจริงๆ แล้วเรา,803.85,807.256
253, 35 สาขา แต่น่าจะจบที่ประมาณ 30-31 สาขา,807.256,810.906
254,เพราะว่าหลาย ๆ ที่เนี่ยก็จะอาจจะแลนด์,811.53,814.386
255,หลอดยังทำไม่เสร็จ ยังไม่ได้ส่งพื้นที่,814.386,817.242
256,แล้วก็เรื่องของการที่จะต้องได้รับ,817.674,820.394
257,เป็นอนุญาตยาก็ต้องใช้เวลาด้วยครับ,820.394,823.386
258,ในการยื่นของออยอย ในการเจ็บเกลือบหลานอย่าง,823.722,826.266
5, No.,829.194,830.01
259,อันนี้ก็จะเป็นสาขาใหม่ๆนะครับที่เราจะ,831.018,834.066
260,เปิด ที่เขาบอกนะครับที่เพิ่งเปิดไปนะครับเมื่อๆ,834.066,837.114
261,เมื่อวันทุกข์ ก็คือ,837.354,839.2090000000001
262,เมื่อวันที่ 27 จันทร์ยา,839.2090000000001,841.4340000000001
263,แต่ตอนนี้ก็เป็นสังขาร,842.058,843.354
264,ภาษี 20,843.402,845.178
265,เปล่านะครับ เป็นสัปดาห์ที่ 28 นะครับ,845.226,847.962
266,แล้วก็ยังมีสาขาใหม่ที่เราจะเกิดร่วมกับ,849.45,852.738
267,ทาง OR นะครับ หรือสถานีน้ำมันฟ้าประท้วงเนี่ย,852.738,856.0260000000001
268,ก็กำลังจะเปิดอีก 2 สังขารนะครับ ใน,856.458,859.074
269,เดือนหน้า น่าจะเปิดเดือนหน้าในตุลาคนะครับ,859.074,861.6899999999999
270,ก็จะเป็นสัดธารศักดิ์ชิพของพระนครนะครับ,862.218,865.05
271,อยู่ที่ บทยุความดี 62 นะครับ,865.578,869.466
272,อันนี้จะเป็นสารข่าวต้นแบบของสังคมนิรุภัยพอ ๆ,869.898,873.402
273,เหมือนลักษณะคล้ายๆ ความสำเร็จที่มองนะครับ,873.738,875.802
274,บริษัทการหนึ่งจะอยู่ที่หนองแทนนะ,876.042,878.394
275,ก็แผนที่จะเปิดร่วมกันก็จะ,879.498,881.476
276,อยู่ประมาณ 12 ฝากหักกับปีนะครับ,881.476,883.674
277,เราก็พอมากันเจอวิชาใต้,884.394,887.322
278,ความล้มลือในรูปแบบอื่นๆ ทั้งเติมด้วยนะครับ,887.37,890.778
279,แล้วก็โรงพยาบาลนครทัศน์นะครับ นครทัศน์ที่นครศรีธรรมดา,892.074,895.472
280,ปัจจุบันก็กำลังอยู่รีโนเวท,895.472,897.596
281,นะครับ แล้วท่านได้ลงไปที่นครศรีธรรมดาเจ๋มาก,897.596,900.57
282,กำลังรีโนเวทนะครับในนี้ก็จะ,900.81,902.946
283,เป็นภาพว่าหลังจากลองรีโนเวทเสร็จเนี่ย,902.946,905.082
284,ก็จะเป็นโรงพยาบาลระดับมาตรฐานสากล,905.322,907.701
285,ระดับที่เราคิดว่าเรามีเป้าหมายทั้ง,907.701,909.882
6, Oh.,910.314,911.13
286,ผู้ป่วยชาวไทยแล้วก็ต่างชาตินะครับ ไม่ว่าจะมาจากกระบี่ จาก,911.274,914.706
287,อะไรต่างๆ รวมทั้งนครศรีธรรมราชเองก็เป็นจังหวัดใหญ่นะครับ,914.706,918.138
288,เอกสารก่อนค่อนข้างมาก,918.186,920.346
289,ก็จะมีโซบิดใหม่ ๆ ต่าง ๆ,921.45,923.514
290,ตรงเต๋อไม่ว่าจะเช็คอัพ,924.522,926.719
291, ธอมมาสเตอร์ สูรล้างไต,926.719,928.602
292,สิ่งที่น่ารัก หูนแท้ แล้วก็ในแง่ของเอฟเฟติกเรื่องความงาม,928.746,932.73
293,ทั้งฝั่งศูนย์ ศูนย์สุขภาพ การได้ยิน นะ,934.698,937.41
294,ครับ Beauty Center นะครับ ตามสไลด์เลยครับ,937.41,940.122
295,แล้วก็,941.61,943.194
296,ปีที่แล้วนะครับ เราอยากจะรู้ว่าเรา,943.434,946.028
297,ก็ได้ SET AWARDS อย่างเงี้ยของอินโดรเวทีป,946.028,948.858
298,เป็นบริษัทที่,949.002,950.202
299,มีนวัตกรรมนะครับ ในสมัยเรื่องของ,950.442,952.818
300,โปรเกติกเราก็ยังเป็นผู้นำอยู่,952.818,955.194
301,ก็อย่างที่เรียนตั้งแต่อายุมากที่แล้ว ปัจจุบัน,957.354,960.45
302,แล้วก็ทาง KGI ก็เป็นที่ปรึกษาในการนำบริษัท,960.45,963.546
303,หลักฟอร์มสี่หรือหลักแผนเนี่ยเข้าตลาด,963.69,966.33
304,ก็ เราก็ เราก็ตั้งบริษัทแอลกอฮอล์รี่,967.626,970.434
305,พัดในการที่จะลงบัตรนักทอนพัดเข้าตลาด,970.434,973.242
306,ทีนี้เป้าหมายของบริษัทก็ยังเหมือนเดิมนะ,975.114,977.922
307,ครับ อันนี้ก็อาจจะยังไม่อัปเดตเพราะว่า,977.922,980.73
308,เรากำลังเริ่มทำแผน 25 ปีข้าง,981.066,983.97
309,หน้านะครับ คือ 2024 หรือ 2028 นะครับ,983.97,986.874
310,เราก็จะมีการรีวิวว่าแบบ R&B นะครับว่า,987.21,990.234
311,ว่ามันมี สิ่งแวดล้อมในห้าปีข้างหน้าจะมีการเปลี่ยนแปลงในเป้าเนอะ,990.57,994.362
312,แล้วก็,994.986,995.898
313,ตอนนี้เรายังไปตามแผนมีเรื่องอะไรใหม่ๆ,999.114,1002.45
314, เราอาจจะต้องปรับแผนหรือมีแผนเดิมที่บางอย่าง,1002.45,1005.786
315,ไม่เวิร์คเราอาจจะต้องเอาออกไปนะครับหรือว่ามีอะไรเล็งไป,1006.122,1009.818
316,เพราะอย่างที่ท่านทราบว่าโลกมันเปลี่ยนแปลงค่อนข้างเร็ว,1009.866,1012.89
317,วันนี้เราก็เจอกันรีวิวสิทธิ์แผนนะครับ เราก็เพิ่ง,1013.514,1016.994
318,ประชุมกับทีมเนเจอกันไปเมื่อสัปดาห์ที่แล้วนะครับ,1016.994,1020.474
319,ในขณะที่ Developer แผน สองพันยี่สิบสี่ถึงสองพันยี่สิบแปด,1020.81,1024.314
320,รับปีกข้างหน้านะครับ,1025.706,1027.098
321,อย่างจริงแล้ว ทางเนื่องจากผู้ถือหุ้นเรา,1027.242,1030.458
322,อีกส่วนกลุ่มหนึ่งก็คือทางบริษัทธรรมดา,1031.562,1033.65
323,ไฟใต้บริษัทยุโนโลยีเอเชียเนี่ย,1033.65,1035.7379999999998
324,ก็ได้มีการรีเควสกับทางอินเตอร์ฟาร์ม่า,1036.458,1039.777
325, หมายถึงว่าอยากได้เป็นแผน 15 ปี,1039.777,1042.266
326,ซึ่งเราก็ได้มีการทำ,1042.986,1045.842
327,แผนเป็น 2024-2038 นะครับ,1045.842,1048.698
328,เพราะ 15 ปีข้างหน้าเนี่ยเราจะมีพัฒนาการในเรื่องอะไรต่างๆ,1049.322,1053.018
329,ซึ่งก็ถูกต้องนะครับเพราะว่าไม่ว่าจะเป็นธุรกิจน้ำมัน,1054.026,1056.919
330,หรือธุรกิจยา มันเป็นธุรกิจที่ค่อนข้างระยะยาว,1056.919,1059.45
331,ใช้เวลาทำสมบัติรวม,1059.978,1061.658
332,ในการจะขึ้นทะเบียนในการจะใช้เทคโนโลยี,1062.858,1065.662
333,ทางเฟ้อในการที่จะพัฒนาในวัฏกรรมซึ่งเป็นเป้าหมาย,1065.662,1068.666
334,ผมไปสัตว์ในระยะยาว,1069.002,1070.682
335,อันนี้ก็เป็นช่องเป้านะครับ,1073.034,1075.578
336,อันนี้สำหรับ,1075.914,1077.594
337,ปัจจุบันตอนนี้ไตรมาส 3 เรายังไม่ได้ปิดนะครับ,1077.738,1080.57
338,งั้นข้อมูลขณะการเงินล่าสุดก็ยังเป็นไปมาก 2 ครับ,1080.714,1084.314
339,คิดว่าหลายน่ะก็คือหลายท่านคงทราบดีนะครับจากที่เรา,1084.65,1087.77
340,หมดแจ้งตลาดไปแล้วนะครับ,1088.106,1089.786
341,ก็จะไปเร็วๆ นะครับ,1090.41,1091.802
342,ก็ก่อนจะพูดก็อยากจะพูดถึงว่า,1092.33,1095.546
343,คือจริงๆแล้วไตรมาส 1 จะอยู่ประมาณ 400 กว่าร้อย,1095.882,1099.335
344,แล้วก็กำไรประมาณ 40 บาท แต่ก็ยอมรับนะครับว่า,1099.335,1103.034
345,แต่พอรับปีนี้นะครับ อย่างที่ได้เรียนไปนะครับ,1103.274,1106.394
346,เพราะว่า เอ่อ ตั้งแต่ไตรมาส 2 3 4 เนี่ยเราจะเริ่มมีจาน,1106.73,1110.618
347,เพราะกำไรเนี่ย,1111.818,1112.922
348,ที่ได้เนี่ยไปใช้,1113.066,1114.458
349,เป็นการสร้างแบรนด์ในแหล่งนี้ครับ,1114.506,1116.282
350,ก็คืออย่างเช่นเวลาพลาดนะครับ,1116.714,1119.642
351,ยาสีฟ้าอยู่นะครับ,1119.978,1122.138
352,แล้วก็โปลแบ็กซ์นะครับ โปลแบ็กซ์ซึ่งปัจจุบันภายใต้,1122.57,1125.984
353,สมาชิกของโปลแบ็กซ์เนี่ยก็มีเทรดพันธุ์ค่อนข้างหลากหลายนะครับ,1125.984,1129.626
354,เพราะฉะนั้นเราก็ยอมรับอย่างหนึ่งว่า,1130.346,1132.7
355,เราจำเป็นที่จะต้องเอาเงินไปสร้างแบรนด์,1132.7,1135.29
356,ซึ่งเราบอกว่าการสร้างแบรนด์ก็เหมือนการสร้าง Intentional Asset,1135.722,1139.034
357,ในเชิงของบัญชีและการเงิน,1139.082,1141.146
358,คุณจะตีว่าเป็นค่าใช้จ่ายนะครับ,1141.482,1143.45
359,แล้วก็ เราก็คิดว่ามันก็จำเป็นนะครับเพราะว่าเรา,1145.13,1148.442
360,มีแผนที่เราจะเติบโตในระยะกลางจะยาวเลย,1148.682,1151.802
361,เพราะฉะนั้นเนี่ย เราก็,1152.234,1153.818
362,คิดว่าเราไม่สามารถจะเอากำไรเพื่อโชว์นะครับ กำไร,1153.866,1157.38
363,ดีแต่ว่าระยะสั้นดีแต่ระยะกลางระยะยาวอาจจะไม่,1157.38,1161.1139999999998
364,ไม่ดีเท่าไหร่นะครับ,1161.45,1162.554
365,เราก็ยังอยู่ในช่วงที่จะเป็นการลงทุน,1162.794,1165.218
366,นะครับในในเรื่องต่างต่างไม่ว่าจะการปรับ,1165.218,1167.642
367,ปลูกโรงงานเป็น EU Standout,1167.69,1169.754
368,การขยายสาขาของร้านแหล่งประมวล 4 การปรับปรุงโรง,1170.282,1173.906
369,พยาบาล ให้เป็นรัฐบาลสากลเพื่อรองรับระยะยาว,1173.906,1177.53
370,การที่จะสร้างแบรนด์ผลิตภัณฑ์ใหม่ใหม่,1178.346,1180.87
371,ให้ผู้มีโรครับรู้นะครับมากขึ้น,1180.87,1183.674
372,เพราะฉะนั้นอย่างตรงด้านนี้ไตรมาส 2 เนี่ย ทางจริง ๆ แล้ว,1185.354,1188.954
373,ถ้าเราเอา,1189.194,1190.97
374,ใช้จ่ายในโภชนากลับ,1191.21,1193.093
375,เข้าไปจริงๆแล้ว รายได้,1193.093,1195.29
376,โดยเฉพาะคำแบกเนี่ย น่าจะไม่ได้แตกต่างจากไปมากนึง,1195.626,1198.65
377,พอเรามีการเอาเงินกำไรบาง,1199.37,1201.303
378,ส่วนไปดีก็สนานาก็จะทำให้,1201.303,1203.4499999999998
379,ออนไลน์มัน,1203.594,1204.41
380,แล้วลงไปตามชักแชร์โฆษณาที่เราเอาไปใช้,1204.458,1207.77
381,แล้วก็ส่วนไตรมาส 2 เราจะเห็นว่าเลขมนู,1208.298,1211.099
382,นี้ต่ำกว่าไตรมาส 1 ก็นึกออกว่า,1211.099,1213.434
383,ในด้านม้าหนึ่งเนี่ยจะมียอดของการจ้าง,1213.482,1216.29
384,ผลิตของเทวา รวมทั้งยอดการจ้างผลิตของ,1216.29,1219.098
385,บริษัท Inubix ซึ่งเป็นบริษัทรูของ ปตท. เนี่ย,1219.242,1222.17
386,เข้ามานะครับในแต่ละวัน,1222.41,1224.186
387,แต่การซัมผลิตด้วยพื้นฐานเนาะจะซัมผลิตเนี่ย,1224.522,1227.642
388,สำหรับการใช้อย่างน้อย 3 เดือนหรือ 6 เดือนนะครับ,1227.978,1231.77
389,มันก็ไม่ทำให้ไตรมาส 2 เนี่ยไม่มียอดการ,1231.914,1234.362
390,สร้างผลิตนะครับ เป็นแง่ของ,1234.506,1236.09
391,ท็อปไลน์หรือรายได้เนี่ยก็เลย,1236.234,1238.394
392,หายไปจากการที่ไม่มียอดการจ้างผลิตใน,1238.538,1241.418
393,แต่ละสองครับซึ่งมีวันหยุดค่อนข้างเยอะนะครับ,1241.418,1244.538
394,วันปีใหม่ไทยเนี่ยก็ก็เป็นเหตุผลในการที่พวกจะต้อง,1244.778,1248.282
395,เจ้าผู้บริการให้มันจำนวนปริมาณมากนะครับ,1248.618,1251.45
396,เป็นมาสองก็เลยไม่มี,1251.594,1253.274
397,ในไตรมาสสาม ไตรมาสสี่เนี่ยก็จะมียอดจ้างผลิตกลับ,1253.418,1256.414
398,เข้ามาเนี่ย ไปซื้อของจากพยาบาล จากใบสถิติตัวนั่นเอง,1256.414,1259.61
399,ที่ที่สร้างรัฐบาลกำหนดยากตาย,1260.234,1262.01
400,ยังไง 2 2,1266.57,1268.538
401,สัดส่วน,1268.682,1269.69
402,นะครับก็,1270.41,1271.706
403,ปัจจุบันเนี่ย,1272.042,1273.146
404,นะครับก็,1274.442,1275.546
405,นะครับ ในแง่ของสัดส่วนนะครับ,1279.626,1281.69
406,ปัจจุบันทุกท่านก็จะเห็นว่าสัดส่วนของทาง,1284.618,1288.246
407,ของคนเนี่ยก็จะผิดของคนก็จะมากขึ้นนะครับ,1288.246,1292.1539999999998
408,หลังจากที่เรามีร้านแล็บซึ่งเป็นร้านขายยาเฉพาะสำหรับคนนะครับ,1292.298,1296.09
409,เราก็จะเห็นว่าสัดส่วนของ,1296.618,1300.026
410,สำหรับข้อเนี่ยเป็น 67.5% นะครับ,1300.17,1302.906
411,สำหรับฝาเนี่ยอยู่ประมาณ 20% แล้วก็,1303.05,1305.415
412,โรงพยาบาลเนี่ยประมาณ 12.7% นะครับ,1305.415,1307.994
413,ถ้าเกิดเอ่อในแง่ของ,1310.634,1312.698
414,มองดี 6 เดือนนะครับ,1313.226,1315.866
415,รายได้ก็เติบโต 35% นะครับ,1316.106,1318.554
416,บ๊วยครับ,1318.986,1320.186
417,บ่าย 10 เน้นนะครับ อย่างเงี้ย,1320.33,1322.37
418,เมื่อกี้มันเป็นรายไตรนะ,1322.37,1324.41
419,อย่างนี้ฟิตเบนก็จะเห็นว่า,1325.322,1327.098
420,ทาง,1328.106,1328.922
421,ของคนก็จะอยู่ที่ 69% นะครับ ของสัตว์,1331.274,1334.1999999999998
422,จะอยู่ที่ 19% แล้วก็โรงพยาบาลเนี่ย 12%,1334.1999999999998,1337.37
423,Cost Profit นะครับ ก็จริงๆแล้วเรา,1339.722,1341.985
424,จะเห็นว่า Cost Profit เนี่ยดีขึ้นนะครับ,1341.985,1344.474
425,สาม เออ,1344.906,1346.106
426,ไม่ว่าจะเป็นครั้งของคนแล้วก็ของสัตว์,1346.442,1348.761
427,นะครับของคนเนี่ยจะเห็นว่า cross-covid,1348.761,1351.29
428,ในไตรมาส 2.37 ขึ้นไป 39 นะครับ,1351.434,1354.458
429,แล้วก็ของสัตว์ก็ 36.,1354.986,1357.026
430,7 เป็น 39.8 นะครับ,1357.026,1359.066
431,ถ้าในแง่ของ 6 เดือน,1359.306,1360.89
432,ก็ใกล้ 41.2 ไม่ 41.4 นะครับ,1361.226,1364.826
433,ของสัตว์นี้ 36 เป็น 38% นะครับ,1365.45,1368.474
434,จริงๆ แล้วจะเห็นว่าการอัตรากำไรขั้นต้นก็,1369.194,1372.591
435,ยังอยู่ใกล้เคียงเดิม หรือปีขึ้นกว่าเดิมเล็กน้อยนะครับ,1372.591,1376.25
436,แต่ว่าตราสารก็จะอยู่ที่ว่าการใช้ตัว Operating,1376.778,1380.568
437, Expense ที่จะเป็นตัวที่จะกระทบใน Profit นะครับ,1380.568,1384.122
438,อย่างเงี้ยเปอร์เซ็นต์ซื้อทีนะครับ เรา,1385.706,1387.9109999999998
439,ก็จะอยู่ใกล้เคียงข้างๆ เดินนะครับ,1387.9109999999998,1390.362
440,แต่ว่าเราจะเห็นว่า Feeling and Administrative Expected เนี่ย,1391.466,1395.354
441,ไปหน้าสองก็จะกระโดดทิ้งมาเลยครับ,1395.498,1397.946
442,27 ในไตรมาสนึงใช้เป็น 33% นะครับ,1398.378,1401.594
443,แล้วก็,1402.602,1403.514
444,หนึ่งสำหรับห้ามหนึ่งก็จะจากยี่,1403.562,1405.698
445,สิบเก้าเป็นสามสิบเปอร์เซ็นต์นะครับ,1405.698,1407.8339999999998
446,ดังนั้นตอนนี้เน็ตโปรฟิกซ์ก็เลยทำให้ไตรมาส,1410.57,1413.477
447, 2 เนี่ย ส่วนใหญ่ส่วนใหญ่ก็ 3.2% จากการที่,1413.477,1416.608
448,เราเอาเงินไปยิงโฆษณากับมือหลายๆแบรนด์นะครับ,1416.608,1419.739
449,ก็เลยขอเวลาที่เหลือนะครับ ก็จะเป็นช่วงของ,1423.914,1427.322
450,บ๊วย คืออันเองเลยครับ,1428.714,1429.818
451,ผมจำได้ว่าใน Opposite Day,1430.346,1432.37
452, คราวที่แล้วเนี่ยก็ตอบไม่ทันนะครับ,1432.37,1434.618
453,พยายามลดให้เสร็จเร็วนะครับ โดยจะย้ายไปตัด Q&A,1435.146,1439.034
454,พ่อมีคำถามนะครับว่า,1439.37,1441.242
455,จากนักลงทุนนะครับว่า ณ ปัจจุบันเนี่ย,1441.674,1444.41
456,ธุรกิจร้านขยาที่เป็นรายใหญ่เริ่มเข้ามา,1444.938,1447.9450000000002
457,แข่งมากขึ้นเช่น ดร.ฟอร์มา โอคอมเซเว่น,1447.9450000000002,1451.226
458,จนถึงหลังขยะของเซเว่น,1451.658,1453.607
459,ที่ลุกเหมือนกันแล้วก็หน้าจอ,1453.607,1455.834
460,โอเค ไม่ใช่,1456.554,1457.562
461,ผมไม่แน่ใจผู้บริหาร,1458.57,1461.018
462,มองเรื่องนี้อย่างไร,1461.546,1463.706
463,และมีวิธีการจัดการกับเรื่องนี้อย่าง,1465.098,1467.57
464,ไรบ้างที่จะทำให้เรา Gain Market Stash,1467.57,1470.042
465,ก็คืออย่างนี้ครับ ปัจจุบันเราก็เลย,1470.762,1474.266
466,แผนของเราเนี่ยส่วนใหญ่ก็จะเป็นเรื่องของการปรับปรุงหรือเรื่องของ,1474.794,1478.298
467,บริการนะครับ,1478.826,1480.218
468,เรื่องของ CIN นะครับ แล้วก็การขยายสาขานะครับ,1480.458,1484.25
469,สำหรับอย่างที่เห็นนะครับว่าในแผนก็จะมีการเปิดที่,1485.354,1489.338
470,อัตยาเป็นนะครับ ส่งสรรค์ข่าว,1489.578,1491.546
471,มีบุคเก็ต 3-4 สาขานะครับ,1492.074,1495.29
472,ก็จะเป็นการขยายสภา,1496.202,1497.978
473,คือธุรกิจหลักฟอร์มสินจริงก็ยอมรับอย่างหนึ่งว่า,1498.506,1501.914
474,เจ้าจุดแข็งเนี่ยก็จะมีเรื่องของการ,1502.25,1504.41
475,ที่มีแปลงนะครับ เพราะทำมา 27 ปีนะครับ,1504.554,1507.098
476,และในแง่ของความน่าเชื่อถือเราก็คิดว่าอยู่ในระดับต้น ๆ,1507.53,1511.226
477,ผมก็ยอมรับว่า,1511.658,1512.954
478,อาจจะอยู่ในกลุ่มของ,1513.002,1516.89
479,E กับ A อะไรอย่างนี้ซึ่งตอนนี้เรา D บวก,1517.034,1519.866
480,ขึ้นไป อีเบ็ดต่างๆ,1519.914,1521.21
481,เราก็เลยมีการที่เราขยายไปสู่,1521.642,1523.951
482,การที่ไปตั้งสักขายในซูเปอร์มาร์เก็ต,1523.951,1526.49
483,ได้แรงกันปากนะครับ,1526.826,1528.602
484,แล้วก็แผนจริงแล้วเราก็มีการทำแผนกลยุทธ์,1529.13,1532.172
485,กันเนี่ยก็มี 7 กลยุทธ์หลักนะครับ ทุ่ม,1532.172,1534.746
486,คุณก็คิดว่าเรา,1535.466,1537.05
487,เราจะดีวันดีคืนขึ้นเรื่อยๆนะครับไป เอ่อ,1537.194,1540.986
488,ผมเองก็เชื่อมั่นว่าหลักภาษีจะดีขึ้นยิ่งขึ้นยิ่งยืดถ้าท่านดู,1541.61,1544.826
489,ผลประกอบการเฉพาะหลักเนี่ยจะเห็นว่า,1545.162,1547.699
490,ทั้งรายได้แล้วก็สมัยก็ดีขึ้นเรื่อยๆ,1547.699,1550.49
491,ก็จะมีหลาย ๆ คนระยุทธ์นะครับ ไม่ว่าจะการขยาย,1553.13,1556.823
492,สังขาร การที่จะจับมือกระทาง OR นะครับ ในการที่จะ,1556.823,1560.7620000000002
493,ไปเปิดร้านใช้ยาในความน้ำมันอะไรหลากหลาย,1561.098,1564.122
494,แต่กลยุทธ์ลึกๆเนี่ยก็ต้องยอม,1565.418,1567.487
495,รับว่าเขาเก็บถึงความลับก่อนนะครับ,1567.487,1569.7859999999998
496,แล้วก็,1572.33,1573.53
497,คำถามถัดมาคือธุรกิจโรงพยาบาลจากที่ดูเราซื้อมา,1574.25,1577.764
498,แพงกับโรงกลม เข้าใจว่าเขามีโรงเรียนท่าใกล้ๆ แต่ก็แพง,1577.764,1581.4979999999998
499,ไม่แน่ใจบอกยังไงที่จะทำให้ธุรกิจนี้ชนะระยะยาวได้,1581.93,1585.53
500,ซึ่งคือก็ต้องยอมรับนะครับว่าโรงพยาบาลมันเป็นธุรกิจ,1586.346,1589.046
501,อินเทรดนะครับเราก็ไปดูโรงพยาบาลมันค่อนข้างมาก,1589.046,1591.578
502,แต่ก็พบว่าเหมือนก็ไม่มีใครขายถูกนะครับ,1592.106,1595.13
503,คือเราก็ต้องมองว่าแพงแล้ววัน,1595.274,1597.3429999999998
504,นี้เราก็ต้องหยอดซื้อเพื่อ มันเป็นการ,1597.3429999999998,1599.6419999999998
505,ถูกมีระยะยาวเลยแหละ,1599.786,1601.274
506,เราจะเห็นว่ามีการ Takeover,1601.514,1603.794
507, ของโรงบาลของหลายๆ กลุ่มทุนเนี่ย,1603.794,1606.0739999999998
508,ผมเองก็เชื่อมั่นว่าไม่มีใครซื้อถูกนะครับถูก,1606.986,1609.818
509,แพงในความอันนี้อาจจะเป็นแพงในความว่าเอออาจจะ,1610.346,1613.946
510,บีอียี่สิบเท่าหรืออะไรต่างๆนะครับ,1614.282,1616.73
511,ก็คิดว่าไม่ต่างกับในอินทรัลสตรีอื่นด้วย,1617.354,1620.188
512,เหมือนกันนะครับ ที่ถ้าถูกก็คงไม่ขายนะครับ,1620.188,1623.258
513,แต่ถ้ามันก็จะมีถูกไปเลยที่,1623.978,1626.306
514,มันไม่ได้โอเคเท่าไหร่ ก็คงไม่,1626.306,1628.634
515,ต้องซื้อไปก็คงจะยากนะครับ,1629.258,1630.938
516,ในแค่ซ้อนพันธุ์เนี่ยเรามีมุมมองว่าเป็นธุรกิจ,1631.466,1634.7859999999998
517,ที่มีกำไรนะ งานที่เราจะไปทำก็,1634.7859999999998,1637.85
518,ก็จะดีกว่าทุกจิตที่มันขาดทุนอยู่แล้วนะครับ,1637.898,1640.442
519,เราจะไปปรับมันจะยากแต่ว่ามันเป็นเครื่องคิดที่มี,1640.682,1643.539
520,กำไรอยู่แล้วเราต้องไปปรับปรุงเพื่อให้กำไรมันมากขึ้น,1643.539,1646.586
521,ไม่มีมาตรฐานมากขึ้นเนี่ย,1646.922,1648.794
522,แล้วก็,1650.378,1651.29
523,อืม,1652.202,1653.018
524,เราก็มองว่าสาเหตุที่ตัดสินใจซื้อ ทุกๆ ร้านไปดูเนี่ย,1653.066,1656.666
525,เราก็จะเห็นว่า เอ่อ มันยัง เรามีระดับที่แข่งขัน,1657.098,1660.45
526,ได้นะครับ เนื่องจากองค์ประวัตินักคอยพัฒน์เนี่ยสร้างมา,1660.45,1663.578
527,หมด 14 ปีแล้ว ก็มีฐานลูกค้า,1664.298,1666.65
528,ค่อนข้างมากแล้วก็อยู่กลางวงนะครับที่ดินเจ็ดไร่,1666.794,1670.298
529,นะครับ ขวามือเป็นโรงบาลมหานาตร นครสิทธิ์ ธรรมลา,1670.826,1673.884
530, สายมือ สงวน นครปัทม์,1673.884,1675.194
531,ไม่ต่างกับโรงพยาบาลกรมรีที่อยู่,1675.722,1678.259
532,ใกล้กับโรงพยาบาลศิริราชประมาณนั้น,1678.259,1681.05
533,เพราะฉะนั้นเนี่ยก็หมอก็ในระยะยาวเนี่ยมันมีศักยภาพ,1681.674,1685.658
534,เกิดอย่างงี้ 6 ตัวจังหวะเอง,1685.706,1688.058
535,ที่นครสิงห์ธรรมดาก็เป็นค่อนข้างจังหวัดใหญ่,1688.394,1690.866
536,แล้วเราก็มีแผนที่อยากจะเป็นโรงพยาบาล,1690.866,1693.338
537,ที่จะเฟ้อ เปิดเฟ้อ หลักกลุ่มนี้ท่านะครับ หลาย ๆ จังหวัด,1693.578,1697.466
7, Oh,1699.434,1700.25
538,ก็คิดว่าก็เลย,1700.682,1702.362
539,นะครับ จริงๆก็มีการได้เรียนเชิญบอกเราก็รอบซึ่งก็,1702.41,1705.914
8, very special,1705.962,1707.354
540,ไม่รู้,1707.69,1708.506
541,คุณท่านก็ให้คำแนะนำให้ความคิดเห็น,1708.938,1711.482
542,โอ๊สก็มั่นว่าในระยะ ไม่ต้องถึงกับ,1711.818,1714.32
543,การไปยาว เหมือนก็จะดีขึ้นเรื่อยๆ นะครับ,1714.32,1717.05
544,ข้อที่สามหลังๆ สินค้าออม,1719.402,1721.5030000000002
545,ใหม่ของเราดูไม่ปังและออกซ้ำ,1721.5030000000002,1723.8660000000002
546,เกิดปัญหาอะไรนะครับ,1724.778,1727.13
547,คือสินค้าออกใหม่มันก็ต้อง,1727.85,1730.177
548,ใช้เวลาในการค่อยๆสร้างมัน,1730.177,1732.794
549,ยกตัวอย่างเช่นโปรแกรมวูหรือลิซ่านะครับ,1733.514,1736.658
550, dsa พวกเนี้ยมันก็ต้องค่อยค่อยซ่ามาหรือก็,1736.658,1739.802
551,ไม่สามารถที่จะสร้างวันปีเดียวแล้วก็ขึ้นมานะครับ,1739.946,1743.738
552,ผมต้องค่อยๆ ดูกันไป,1744.17,1745.754
553,เรื่อยๆ นะครับ,1745.802,1746.714
554,แล้วก็จริงๆแล้วหลักการของเราก็คือเรา,1747.05,1749.378
555,ก็ต้องการไปพิสูจน์ตัวเองในโรงพยาบาล,1749.378,1751.706
556,ฉะนั้นสิ่งเหล่า,1751.85,1753.338
557,บางครั้งเราออกมาเนี่ยเราก็ต้องการไปเข้าโรงพยาบาล,1753.77,1757.036
558,อาจจะไม่ได้ทำ ฮะเกิดควันบางครั้งอาจจะต้อง,1757.036,1759.866
559,อาจจะดูแบบปังก็คือการยิงโฆษณาเยอะ,1760.298,1762.763
560,ๆ มันอาจจะดูปังแต่ว่ามันก็มีความเสี่ยง,1762.763,1765.434
561,มันก็ไม่อยากจะประหลาดระหว่าง,1765.77,1767.354
562,ความเสี่ยงกับการที่เราจะต้องไปเร่งมันให้คนรู้เร็วๆ,1767.978,1771.578
563,ก็จะต้องบรรลาพอสมควร,1771.722,1773.594
564,แต่เราต้องคิดว่าสินค้าออกใหม่ของเราก็อยู่ในระดับที่,1775.37,1779.066
565,ที่พอใจ,1779.498,1782.33
566,ไม่ว่าจะเป็นกลุ่มโฆษณาเศรษฐกิจโดยไม่ได้,1782.762,1786.074
567,หรือไม่ว่าจะเป็น,1786.89,1789.05
568,โอเค,1789.194,1790.202
569,อย่างเช่น กรุงยา อย่างเช่น เบลล่า คลาส,1790.25,1792.794
570,ก็ต้องใช้เวลานะครับ,1793.322,1795.674
571,เพราะว่าผู้นำตลาดสองแบรนด์เนี่ย,1796.202,1798.574
572,ก็ทำตลาดมานานผสมควรเลยครับ,1798.574,1801.242
573,แล้วก็คิดว่าในแง่ของคุณภาพเรา,1801.866,1804.146
574,เนี่ย ดีแน่นอนนะครับไม่ว่าจะเป็น,1804.146,1806.426
575,ในแง่ของตัวยา ในแง่ของ packaging,1806.762,1809.314
576, มุมมุ่งของอะไรต่างๆ,1809.314,1810.938
577,เรามองคำถามถัดไป เรา,1814.922,1817.005
578,มอง M&A อย่างไรบ้างช่วงนี้,1817.005,1819.386
579,ก็คิดว่าถ้าเอ่อ ก็จริงๆก็มีบริษัท,1820.202,1823.02
580,เยอะมากเหมือนกันนะครับ ที่มาเสนอให้เราเข้า,1823.02,1825.838
581,ไปถึงหุ้นบ้านแอบไปซื้อจิติการบ้านนะครับ,1825.838,1828.891
582,ตัวเองก็คิดว่าถ้ามันอยู่ในวิสัยทัศน์,1829.322,1831.885
583,ของบริษัทเราก็ต้องสนใจ,1831.885,1833.594
584,คือภัยตั้งวิสาหกิจของการพิจารณา,1834.314,1836.474
585,เป็นผู้นำเก็บทักษ์สุขภาพแบบ,1836.522,1838.532
586,พระองค์จอร์จทั้งสองคนแล้วก็ของ,1838.532,1840.794
587,สัตว์นะครับ ทั้งต้นน้ำเย็นไตน้ำ,1840.842,1843.29
588,คำถามถัดไปครับ,1844.49,1846.074
589,เรื่องขึ้นไปหน่อยครับ,1849.578,1851.642
590,เคลื่อนเคลื่อนเคลื่อนไปครับ,1853.61,1855.194
591,แนะนำว่าไปสะกวนแต่งตั้ง IR,1855.914,1859.13
592,ติดต่อสอบถามข้อมูลอะไรไม่ได้เลยครับ,1860.81,1863.546
593,ก็ยอมรับว่าตอนนี้เราบริษัท,1863.978,1866.426
594,ตัวเองไม่ได้บีไออาร์นะครับ,1866.474,1868.058
595,ก็คือการ outsource ให้กับ,1868.106,1870.266
596,ก็ใช้ฝันมือเงินการทำใหม่นะครับ,1870.41,1872.282
597,แต่คำแนะนำนี้ท้องใจว่าได้รับคำ,1872.714,1875.064
598, เอ่อ คอมเมนต์อยู่เรื่อยๆ เนี่ยครับ ก็,1875.064,1876.986
599,เพราะน้องบับนะครับ เขาคิดว่าเราก็มี,1877.13,1879.357
600,การพิจารณญาณอยู่ว่าเราน่าจะมี IR,1879.357,1881.7860000000005
601,สองวิสาหกรรมในปีหน้านะครับ,1882.506,1885.53
602,อันนี้เราก็กำลังจะหัก เออ หลับ,1887.786,1890.234
603,วันนี้ฉันมาทำ IR ของบริษัทอยู่นะครับ,1893.258,1895.898
604,ผลการดำเนินงานช่วง Q3 แล้วแนวโน้ม Q4 เป็นอย่าง,1898.346,1902.113
605,ไรบ้าง อันนี้ผมพูดเท่าที่พอจะพูดได้นะครับ,1902.113,1906.17
606,ไม่ให้ผิดระเบียบนะครับ,1906.314,1908.762
607,คือแนวโน้มนะครับ คือจริงๆ เรารายได้กำไรเราคิดว่า,1909.194,1913.178
608,ที่เราจะเกิดขึ้นในคิวสามคิวสี่จะ,1913.802,1916.167
609,เหมือนคิวหนึ่งนะครับ จริงๆ แล้วมันก็คือ ยัง,1916.167,1918.746
9, The Crown.,1918.986,1920.186
610,แล้วทำอะไรจริงๆแล้วมันก็ใกล้เคียงกับ,1920.426,1923.162
611,น่าสม่วนไปม้าหนึ่งแบบประเด็นนั้นจะอยู่ที่,1923.786,1926.426
612,เราจะดึงเงินกำไรไปยิงโฆษณามากน้อยแค่ไหน,1927.242,1930.458
613,ก็น่าจะเป็นตัวที่สำคัญนะครับ,1931.466,1934.298
614,เราก็อยากจะโชว์ให้เห็นว่าถ้าเราเอาค่าโฆษณาเนี่ย,1935.018,1938.618
615,กลับเข้าไปเนี่ย จริงๆแล้วก็ไม่ มันควรจะ,1938.762,1940.946
616,เป็นแบบนี้ แต่เราจำเป็นที่จะต้องเอาเงิน,1940.946,1943.13
617,ไปสร้างแบรนด์นะครับ,1943.178,1944.666
618,เพราะว่าแบรนด์ทลเซตามอลต่างๆที่ด่งดัง,1945.098,1948.116
619,มาเนี่ยก็เกิดจากการบินโฆษณา เป็นการรับรู้,1948.116,1951.386
620,ค่อนข้างมากนะครับนึกว่าจะสื่อทีวีสื่อ,1951.722,1954.842
10, With you.,1955.37,1956.378
621,คือแม้กระทั่งในโรงหนังอะไร,1957.098,1959.393
622, whatever เนี่ยค่อนข้างจะ,1959.393,1961.178
623,คือแจ้งพอสมควรนะครับ,1961.706,1963.386
624,แต่ก็อยากจะบอกนักลงทุนมากนะเชื่อมั่นในคำว่าเป็นราคา,1964.01,1967.443
625,พันธุ์เราเนอะ คุณภาพดีนะครับมีการทำวิจัยก่อนที่เราจะลอน,1967.443,1971.066
626,เพราะฉะนั้นเนี่ย ถ้าท่าน เอ่อ ขวดมึง อะไรต่างๆ เนี่ย ลองทา,1971.594,1975.026
627,ดูนะครับ ไม่จำเป็นจะต้องไปยา กินยาเอ็นเซจแรงๆ,1975.026,1978.458
628,ได้จัดเจ้าพ่อนะครับ,1978.602,1979.994
629,กับซอฟแพลนบาลด้วยนะครับ,1980.522,1982.682
630,จริงๆ แล้วมัน มันปิดเราได้ผลนะครับ แล้วก็ packaging เรา,1983.018,1986.426
631,ทุกอย่างต่างกันครับ,1986.57,1987.482
632,คุณเด็กเช็คซิงที่มีคุณภาพนะครับ,1987.914,1989.882
633,ไม่มันมันเป็นแบบวิสุทธิ์แฮ็กซ์ที่จะทำให้,1990.314,1994.106
634,คุณภาพยังคงอยู่แล้วก็จะทำให้การโดดสุดอะไรต่างๆ ไม่ได้,1994.25,1998.234
635,ว่าลงจากการที่ Packaging ไม่สามารถ,1998.282,2000.79
636,รักษาความชื้นอะไรต่างๆ ได้,2000.79,2002.842
637,ทำไมรายได้ส่วนนี้เป็นเว็บสภัณฑ์และยาว,2005.866,2008.322
638,รักษาโรคยอดจ่ายถึงได้ลดลงหรือลดหลัง,2008.322,2011.002
639,ทีนี้ส่วนหนึ่งเนี่ยก็เกิดจากการที่เรา ในครึ่ง,2011.434,2014.415
640,ปีแรกก็ยอมรับว่า เรามีการปรับราคาอยู่แล้ว,2014.415,2017.626
641,แล้วเราก็เลยกลายเป็นว่า เราเออ,2018.058,2020.602
642,ตัวลูกลดลงแต่กำไรมากขึ้น,2020.938,2023.578
643,แต่ว่าตอนนี้เราก็ยอมรับว่าเราพยายามจะไปเพิ่มประสิทธิภาพ,2024.106,2027.954
644,ในการผลิตเพื่อจะเป็นเรื่องต้นทุนการผลิตมากขึ้น,2027.954,2030.587
645,ที่จะทำให้เราได้ทั้งวอลลุ่มทั้งกำไรนะครับ,2030.922,2033.754
646,เราก็สามารถปรับปรุงประสิทธิภาพ,2033.994,2036.421
647,ในการผลิตอยู่ในช่วง 6 เดือน,2036.421,2038.362
648,น่าจะถึงปัจจุบันแล้วก็ปรับภูมิตลอดเวลานะครับเพื่อให้,2038.698,2042.01
649,เพื่อให้เขาเรียกในแต่ละแบบสไตล์เนี่ยสามารถ,2042.25,2045.946
650,ไม่มีอะไร ลด,2047.242,2048.058
651,ไม่ใช่,2048.49,2049.402
652,สมมติเรามีวัตถุดิบ 100 เราก็จะทำได้ 100 โต๊ะ,2050.506,2053.722
653,อาจจะทำได้เก้าสิบเจ็ดจอด ไม่ได้ทำ,2053.866,2056.047
654,ได้แค่เก้าสิบสี่จอดไปประมาณนี้เลยครับ,2056.047,2058.426
655,คิดว่าในประมาณ 3 ประมาณ 4 จะดีขึ้นนะครับ,2059.242,2062.554
656,ทำไมรายได้,2066.346,2067.93
657,ส่วนที่เป็นอาหารเสริม,2068.074,2070.138
658,โฆษณะเพศศักดิ์ถึงได้มียอดแขนลด,2070.858,2073.532
659,ลงก็ก็ยอมรับว่าเหมือนเหตุผลเรื่องยาว,2073.532,2076.474
660,หรือตั้งแต่ต้นปีต้นมาเนี่ยเรามีการปรับรักษาออกไปนะครับ,2077.194,2080.506
661,ก็มีการกระทบอยู่เหมือนกัน เราก็เลย,2081.034,2083.8250000000003
662,มีการรีวิสิตอยู่ว่าเราจำเป็นที่จะ,2083.8250000000003,2086.8700000000003
663,ต้องให้โปรโมชั่นอะไรต่างๆเองกลับไป,2086.8700000000003,2089.9150000000004
664,ในราคาเดิม แต่ว่าเราพยายามที่จะ,2090.442,2092.623
665,ลดต้นทุนในการผลิตเนี่ย ที่กังวลนะครับ,2092.623,2095.002
666,อันนี้เราก็คิดว่าในไตรมาส 3-4 เนี่ยน่าจะกลับ,2095.434,2098.746
667,ร้านขายยานักปัจจุบันเปิดได้กี่สาขาแล้วนะครับ,2101.962,2105.946
668,เพราะปัจจุบันซ่อที่เพิ่งโชว์ใน,2106.474,2108.6580000000004
669,สไลด์นี่ Little Walk นั่นในศตา 28,2108.6580000000004,2110.842000000001
670,แล้วก็ครึ่งปีหลัง,2112.426,2113.914
671,ผมว่าครึ่งปีหลังน่าจะเป็น 3 เดือนหลังแล้วครับ,2114.73,2116.89
672,อันนี้เหลืออย่างแค่สามเดือนเนี่ยก็คิดว่าน่าจะเปิดได้ ประมาณสาม,2117.13,2120.994
673,ถึงสี่สาขานะครับปีนี้เราก็จะจบที่สามสิบสามสิบเอ็ด,2120.994,2124.858
674,คือ ๆ ต้องยอมรับว่า โดยหลักการของเราเนี่ย ตั้งแต่,2125.386,2128.506
675,ต่อตั้งในศาลมาหรือพ่อสละมาเนี่ย,2128.65,2131.29
676,เรามักจะตั้ง หรืออะไร,2131.626,2134.074
677,ตาม Full-Sitting Theory,2134.218,2136.725
678, ความเห็นแผนค่อนข้างสูง,2136.725,2138.874
679,มันคล้ายๆว่าเราตั้งเป้าว่าสปิต,2139.498,2142.555
680, น้องๆฝ่ายเซิร์ฟตั้งเป้าสปิต 120,2142.555,2145.306
681,ถ้าไม่ได้อย่างน้อยก็จะติดเกินร้อยนะครับ,2145.45,2147.802
682,เหมือนเรา,2148.138,2149.05
683,จะไปเฝ้าเฝ้าที่ไหนเราก็ต้องตั้งเป้าเกินไว้ก่อนนะครับ,2149.29,2152.314
684,เพราะฉะนั้นเนี่ยมันก็เลยเราตั้งเป้าไว้ 35,2152.746,2155.674
685,เราไม่ถึง เราอย่างน้อยเราก็ได้ 3 เห็ด,2155.722,2157.786
686,แต่ถ้าเราตั้งเป้าจาก 20 เป็นแค่ 30,2158.218,2160.709
687, เวลาเราตกมาจะเหลือแค่ 25 นะครับ,2160.709,2163.45
688,อันนั้นก็เป็นเรื่องที่เราบอกติดกัน จะตั้งเป้า,2164.074,2166.963
689,ไว้ฝึกอยู่แล้วนะครับ อยู่บน Test Case ว่าถ้าเกิดเรา,2166.963,2170.074
690,เราเปิดโดยไม่สนุกอะไร ไม่ว่าจะเรื่องของการแบรนด์หลอดส่วน,2170.506,2174.13
691,มอบพื้นที่การยื่นขออนุญาตเอายอ เราจะเปิดได้เท่าไร,2174.13,2177.7539999999995
692,เพื่อให้มันอยู่ใน Speed นะครับในการ,2179.434,2182.074
693,ความแบบเป็นที่นะครับ,2182.314,2183.898
694,คำตอบก็คือจะเปิด,2186.634,2188.739
695,ได้อยู่ตลอด 30-31 33,2188.739,2191.194
696,เพราะที่เราพบว่าอย่างกรณีที่,2192.106,2194.146
697,ภูเก็ตก็ใช้เวลาค่อนข้างมาก,2194.146,2196.186
698,ประเมินที่เรา,2197.002,2197.914
699,เราวางไว้นะครับไม่ว่าจะเกิดจากเปิดแล้วหรอก,2198.154,2201.274
700,ที่ยังไม่ได้ฝึกมอบเป็นที่แย่กับเรา,2201.514,2203.866
701,แล้วก็ในการที่จะออกแบบ,2204.298,2206.626
702,ดีไซน์แล้วก็การก่อสร้างด้วย,2206.626,2208.954
703,ถัดไปนะครับ,2211.594,2212.986
704,Cost-Profit ของร้านยาแล็บ 2 บาท 4 ปัจจุบัน,2213.898,2216.9590000000003
705,ก็ดีขึ้นเรื่อย ๆ นะครับ Cost-Profit แบบนี้,2216.9590000000003,2219.802
11, The,2220.138,2221.626
706,40% ได้นะครับ,2222.25,2224.026
707,อันนี้เราก็ตั้งเป้าด้วยว่าเราอยาก,2224.266,2226.426
708,จะเหลือ Net Profit อยู่ประมาณ 8% นะครับ,2226.474,2229.21
709,ถัดไป มีคำถามเกี่ยวกับโรง,2232.426,2234.346
710,งานผลิตยานะครับ เลือกขึ้นไปหน่อย,2234.346,2236.506
711,สำหรับโรงงานผลิตยาทั้งหมดนะครับ เป็น,2237.226,2239.223
712,สัดวิการใช้กรรมการผลิตอยู่ที่กี่เปอร์เซ็นต์,2239.223,2241.402
713,ก็ที่ เอ่อ,2241.93,2243.418
12," Oh, we",2243.754,2244.666
714,เฮียยุทยาหาเวียน,2244.906,2246.298
715,ก็ยอมรับนะครับว่าปัจจุบัน,2246.634,2249.112
716,ใช้กำลังกรมถึงไม่ได้มากเท่าไหร่,2249.112,2251.866
717,อยู่ที่ประมาณ 30-40% เองครับ,2252.49,2255.418
718,ก็เราก็พยายาม อย่างเช่นเราที่มี,2255.946,2258.62
719, Project ที่จะทำยาตาของเราเองเนี่ย,2258.62,2261.562
720,เพราะรายจ่ายที่นั้นจะเพิ่มนะครับ,2261.898,2263.482
721,หรือจารย์ไปคุยพาร์ทเนอร์ชิปนะครับที่ผมเดินทาง,2263.722,2266.2960000000003
722,ต่างๆ เนี่ยก็คือไปคุยพาร์ทเนอร์ชิปเนี่ย,2266.2960000000003,2268.474
723,อย่างเช่นไปดูโรงงาน Lotus Phenocytical ของทาง,2268.81,2272.698
724,เฉพาะที่ไต้หวันเมื่อ 2 เดือนที่แล้ว,2273.322,2275.77
725,แล้วทางเขาเองก็มีจานมาออดิศต์โรงแรม 3 รอบนะครับ,2276.106,2280.09
726,ก็เอาการประชุมร่วมกันเรื่องนี้,2280.426,2282.586
727,เลยแต่มันต้องใช้เวลาไปหมดเลย,2282.586,2284.986
728,คือการไปคุยความล้มลงกับ,2285.61,2289.306
729,ไปสัดลงที่มุมจีนนะครับ ก็ยังตอนโต๊ยิ่งนะครับ,2289.642,2293.53
730,ก็คิดว่าถ้ามันขึ้นได้อย่างไรก็,2294.058,2296.321
731,จะมาเรียนใน Oxidity ในครั้งหน้า,2296.321,2298.81
732,แต่ว่าในหัดเดียวกันเราก็มีการโอน,2299.722,2302.842
733,ไป Translator นำหลักยาหลังเด็ก นำหลักไปที่อายุทยานะครับ,2302.89,2306.874
734,ก็ฟิล์ม capacity อย่างเช่น เดลล่าพลาสเนี่ยมันจะติดอยู่ภายใต้,2307.306,2311.098
735,ลงงาน,2311.242,2312.442
736,แต่ว่าที่อายุทธิญาเนี่ยเขาคิดว่าจะทำให้,2312.778,2315.514
737,ใช้ capacity มันมากขึ้นเรื่อยๆนะครับ,2315.85,2318.586
738,แล้วก็สำหรับสมุดบางการตรงนี้ก็,2320.458,2322.721
739,ฝั่งยาเนี่ยใช้อยู่ที่ร้อยเปอร์เซ็นต์อีกแล้ว,2322.721,2325.21
740,ที่เป็นผลิตอาหารเสริมเนี่ยก็ยังอยู่กับทางพาเซตตี้นะครับ,2326.218,2329.53
741,ตอนนี้เราก็เลยเริ่มเปิดรับที่จะรับจ้างผลิตให้บริษัท,2329.866,2332.822
742,มากขึ้น อย่างปัจจุบันเรารับจ้างผลิตให้อยู่ 2 บริษัทนะครับ,2332.822,2335.962
743,ดูทางอายุเนี่ยน จับทาง,2336.298,2338.554
744,ขอทดทอบภายใต้บริษัทอิงโดนิกนะครับ,2338.89,2341.338
745,ตอนนี้ก็เริ่มมีการคุยนะครับกับ,2341.77,2343.93
746,ครับ แต่เด็กยอมรับว่าเราจะรับแต่รายใหญ่ๆ นะครับ,2343.978,2347.77
747,เพราะเราคิดว่าเราต้องจ่ายเป็นบ่อลูก เราก็ต้องจ่าย,2348.202,2351.226
748,ไม่เป็นสารพาณิชย์ผลิต,2351.85,2353.53
749,เป็นบริษัทที่มาตรฐานนะครับ เราจะไม่ได้รับทั่วไป,2354.826,2358.522
750,รับล็อตสองล็อตเนี่ย เราจะรับบริษัทที่ค่อนข้างจะมีแผน,2358.666,2362.362
751,ในระยะยาวนะครับมีการทำการใส่กันแล้วล่ะ,2362.602,2365.53
752,ก็เชื่อว่าทั้งสองบริษัทที่พระองค์,2365.866,2367.906
753,เห็นอยู่ ไม่ว่าจะทายูเลียนหรือทาง,2367.906,2369.946
754,พาวิคิโนบิกเนี่ยก็มีแผนที่จะ,2370.378,2373.018
755,ก็ทำการแชร์เฉลี่ยรักษ์,2373.354,2375.13
756,ก็ตอนนี้เรากำลังคุยกับ อีกสอง,2376.426,2378.552
757,รายนะครับในการที่จะเข้ามาจ้างผลิต,2378.552,2380.8900000000003
758,คำถามถัดไปเบลล่าพลา,2382.762,2385.114
759,ที่ใช้แผงเป็นอลูมิเนียม,2385.114,2387.802
760,แพงกว่าคู่แข่งที่ใช้พลาสติกไหมครับ เราแพงกว่า,2388.522,2392.122
761,ตู้แข่งสมบัติกับแข่งแล้วมีอะไรดีกว่าครับ,2392.938,2396.154
762,ก็คือคืออย่างนี้ครับ,2397.162,2399.13
763,จริงๆแล้วในแง่ของเนื่องจากผมเองก็เป็นเภสัชนะครับเภสัชบาง,2399.946,2403.996
764,ปีมีแต่กลุ่มประกอบการทำงานแท่นในเภสัชนะครับ,2403.996,2407.194
765,บอกแล้วก็ไปขัดอาจารย์ถึงสองสำทัญนะครับ,2407.626,2410.266
766,แล้วก็เป็นทีเอชดีหลายท่าน,2410.794,2413.722
767,เรามีเภสัชกร มี,2413.962,2416.332
768,ศาสนวแพทย์ มีนวิทยาศาสตร์อยู่,2416.332,2419.098
769,โดยหลักการเนี่ยมันคือเป็น Bidder pack เนี่ย,2419.626,2423.01
770,มันจะเป็นการที่จะรักษาคุณภาพผม,2423.01,2426.394
771,อยากได้ดีกว่า,2426.634,2428.026
772,เพราะฉะนั้นเนี่ย,2430.474,2431.674
773,แต่ผมไม่สามารถจะไปพูดถึงแบรนด์อื่นได้นะครับ คือเพราะ,2432.298,2435.586
774,ฉะนั้นเนี่ยจริงๆแล้วอ่ะ เออ เราคิดว่า Business pack เนี่ย,2435.586,2438.874
775,เราต้องเน้นคุณภาพไว้ก่อนนะครับ,2439.018,2440.89
776,การที่เป็นวิสเตอร์แพ็คเนี่ย มันจะถูก,2441.13,2443.576
777,กับพลาสสิกแก้วที่เป็นแบบนิ่มๆอย่างเงี้ย,2443.576,2446.266
778,ในการเก็บรักษาความซีเรียส,2446.41,2448.762
779,เพราะฉะนั้นเนี่ยเราจะพบว่าการที่มันสามารถรักษา,2449.002,2452.184
780,คุณภาพได้ รักษาความชื้นได้เนี่ยเวลาเราถ่ายเข้าไปเนี่ย,2452.184,2455.5779999999995
781,มันก็จะทำให้เอ่อ โรยาได้เต็มๆ,2456.01,2458.4660000000003
782, นะครับ ดูสุนได้ดี ออกดิบได้เร็วนะครับ,2458.4660000000003,2461.146
783,ก็จะแก้,2461.194,2462.106
784,ปวดประจำเดือน ปวดทอด ปวดหุ้นด้านไม่ได้ ไม่กินยาแรงๆ,2462.154,2466.138
785,ฉะนั้นก็ต้องยอมรับว่าต้นทุนก็แพง,2467.53,2470.0020000000004
786,กว่านะครับ เราก็ถือว่าเราเทียบเคียงกับ,2470.0020000000004,2472.4740000000006
787,เอ่อ คือขั้นสำหรับ,2472.81,2474.202
788,บริษัทข้ามชาตินะครับที่อาจจะ,2475.402,2477.658
789,ที่ท่านรู้จักตีนมานานนะครับ ลองมอง,2477.898,2480.922
790,เรามองว่าเราอยู่ในระดับเดียวกันกับตรงนั้นนะ,2481.066,2484.09
791,เพราะว่าทั้งในแง่มาตรฐานจากนำผลิต,2485.29,2487.642
792,โรงงานเราเป็นระดับมาตรฐานโล่งอยู่แล้วนะครับ,2487.69,2490.618
793,ผมเองอยู่ในสัตว์ข้ามชาติมานานนะครับ,2490.858,2492.922
794,ก็คิดว่าเราไม่ได้ได้กว่าเลย,2493.258,2495.994
795,ตรงนี้ไงคุณภาพการผลิต,2496.426,2498.874
796,แล้วในแง่ถ้าเกิดจริงตอนนี้เราคิดว่าเราน่าจะดีกว่า,2499.21,2502.138
797,อยากสอบถามซีลิต้าจะอยู่,2506.986,2509.584
798,ดูเงียบๆเราจะแก้เปลี่ยนยังไง,2509.584,2512.506
799,ต้องขอเคลียร์นิดนึงนะครับ,2512.746,2514.522
800,คือสิริวิตาเนี่ย ถ้าเป็นสิริวิตาคลาเซียม ,2514.57,2517.57
801,สิริวิตาคลาเซียมเนี่ยคือเขาจ้างผลิตอย่างเดียวนะครับ,2517.57,2520.57
802,การศึกษาเอกชน การตลาดที่เขาเป็นคนทำหมดเลยนะครับ,2520.906,2523.546
803,งั้นถ้าจะเงียบลงหรือดีขึ้นก็จะขึ้นอยู่กับทางไทย,2524.074,2527.482
804,แต่ก็ส่งผลกระทบกับเราได้ ทั้งเก็บเขา มันจ้าง,2527.722,2530.842
805,เขาเงียบลงเขาก็จะไปจ้างเราผลิตรถลงแผ่นนี้,2531.082,2534.202
806,สำหรับนะ แต่ว่าถ้าภายใต้เป็นสัดร่วมทุนเนี่ย เราจะ,2534.538,2537.49
807,อยู่ภายใต้แบบที่เรียกว่า Interformer-Civita,2537.49,2540.4420000000005
808,ปัจจุบันจะมีสองตัวหลักๆนะครับก็คือลิซ่า,2540.874,2544.258
809, DHA ผมคิดว่าลิซ่า DHA ตอนนี้ดีขึ้นเรื่อยๆนะครับ,2544.258,2547.642
810,ทางไทย เนี่ยก็พึงพอใจกับผลประกอบการนะครับว่า,2548.17,2551.866
811,มันก็กำลังดีขึ้นเรื่อยๆนะครับ,2552.106,2554.074
812,ตัวลิซ่า DHA 600 ด้วยกัน อีก,2554.602,2556.642
813,ตัวหนึ่งก็คือ TrueBow นะครับ,2556.642,2558.682
814,Turbo เนี่ย มันในแง่กับทางตลาด OTC หรือ Consumer,2559.21,2562.822
815, อาจจะไม่ได้รับรู้นะครับ เพราะว่า,2562.822,2565.402
816,ในวิสัยทัศน์ในฐานกลยุทธ์ที่ตกลงกัน,2565.834,2568.53
817,ก็คือการที่เราจะเอาไปเข้าโรงพยาบาลก่อน,2568.53,2571.45
818,เพราะฉะนั้นเนี่ยการขายเราไม่ได้จะไปขาย,2572.362,2575.386
819,ค่อนข้างเป็นที่อาจจะอยู่ที่ร้านแล็บบ้าง,2575.434,2578.074
820,ตัวทูโบนะครับ ปัจจุบันก็เข้าไปได้อยู่ประมาณ,2578.506,2581.595
821, 6 โรงเชื้อบาล แล้วก็คีนิกประมาณ 50 กว่าคีนิกนะครับ,2581.595,2584.89
822,เรากำลังไล่ผังเช้านะครับ,2585.418,2587.386
823,แล้วก็พึ่งนอนสักไม่นานอยู่ที่พึ่งไปเรียนอีกขั้นหนึ่งครับ,2587.53,2590.17
824,การจะเข้าโรงพยาบาลเนี่ยมันใช้เวลาเป็นปี,2590.41,2592.666
825,แล้วระหว่างทางเนี่ยถ้าไม่มีคุณภาพอ่ะ,2593.386,2596.114
826, มันก็จะตายไปเลยครับ,2596.114,2597.85
827,โอ้จุดเริ่มต้นเลยคุณต้องไปพรีเซนต์ก่อน,2598.186,2600.538
828,หลังจากนั้นก็จะขอทดลองใช้อาจจะ 15 เคส 20 เคส,2600.682,2604.57
829,นะครับเหมือนเป็น Pilot Study ถ้าใช้แล้วนะครับ,2605.29,2608.41
830,คนไข้ดีขึ้นได้ผลเนี่ยมาถึงจะบูบไปสเต็ปถัดไป,2608.746,2612.346
831,อยากจะเรียนทุกท่านเลยว่ามันมีแบรนด์อาหารเสริมแบรนด์,2612.874,2616.57
832,ว่าทำปกติเหมือนกับอินเตอร์ฟาร์ม่า,2618.346,2620.89
833,อย่าไปเท่าโรงพยาบาลกัน,2621.994,2623.866
834,ผมต้องไปเสนอ นะครับ,2624.394,2626.266
835,ปรากฏว่าทางแพทย์ที่ลองใช้นะครับก็ไม่ได้ผล,2626.314,2629.338
836,ก็ตายไปนะครับ,2630.154,2631.45
837,เพราะว่าจริงๆ แล้วมันต้องอยู่ในมาตรฐาน,2631.882,2634.548
838,ในการผลิตที่ค่อนข้างสูงนะครับ,2634.548,2636.73
839,ถ้าไม่ทาน อันนี้อาจจะดูแล้วเหมือนถูก,2637.066,2640.258
840,กว่า แต่อาจจะไม่ได้เลย เหมือนท่านกินแป้ง,2640.258,2643.45
841,แล้วอาจจะมีความเสี่ยงด้วยถ้าโรงงานไม่มาตรฐานนะครับ,2644.266,2647.29
842,เพราะจริงๆ แล้วมันเป็นแบคทีเรียทที่มีชีวิต,2647.53,2649.786
843,แล้วก็สิ่งที่น่ากลัวมาก ๆ คือสารผลเพื่อนนะครับ,2650.698,2654.202
844,การที่ท่านจะบำรุงสุขภาพ แต่กลายเป็นรัฐท่านเสียสุขภาพนะครับ,2654.442,2658.426
845,เพราะฉะนั้นเนี่ยก็เป็นสิ่งที่คนจริงๆ แล้ว,2659.146,2661.858
846,ต้องยอมรับว่าคุณจะทานอะไรเข้าไปเนี่ย,2661.858,2664.57
847,อย่าดูแต่รูปราคาอย่างเดียวนะครับมันเป็นความอันตราย,2665.002,2667.93
848,ถ้างั้นสู้ไม่กินจะดีกว่า,2668.17,2669.754
849,ก็ งั้นครับสำหรับอยู่ก็,2671.722,2674.074
850,คิดว่าก็จะไปเรื่อยๆตาม,2674.074,2676.762
851,จะเป็นเทคนิคกับการที่เรายิงพัฒนาเนี่ย,2677.578,2679.45
852,ก็ทำให้ฐานนะครับของการเขาเรียกว่าอะไร,2679.594,2682.042
853,เทคออฟมันสูงขึ้นบนระดับ,2682.474,2684.25
854,มีนะครับ,2684.298,2685.114
13, we also,2685.45,2686.458
855,ก็ยังขายไปอยู่ในกลุ่มคนที่เขา,2686.698,2689.53
856,เข้าใจมีเรื่องของโปรเบติกดี รู้ว่ายาสีควันโปรเบติก,2689.866,2693.472
857,เนี่ยมันเป็นเทรนด์อย่างนี้นะครับ สเติร์ส google ก็ขึ้นแล้วแหละ,2693.472,2696.442
858,ปัจจุบันเนี่ย,2696.586,2697.594
859,โลก็,2698.026,2699.226
860,ก็เราก็ไม่ได้ยิงในเทอมนะครับเพราะถ้า,2699.946,2702.658
861,ไม่อยากให้เงียบ อาจจะต้องมายิงโฆษณาอีก,2702.658,2705.37
862,อาจจะไม่เงียบนะครับก็,2705.61,2707.386
863,หมดเวลาคดี,2707.53,2708.826
864,บ๊วย จริงๆ เหลือมีขนาดเกือบเวลาสำหรับคำถามนะครับ,2709.45,2712.474
865,แล้วขอ,2712.906,2713.818
866,ขอขอบคุณทุกท่านนะครับที่รับฟังแล้วก็,2713.866,2716.698
867,ขอให้ทุกท่านสุขภาพดีนะครับ ไม่ทันแล้วก็,2717.13,2719.77
868,อาจจะพยายามอย่างเป็นที่นะครับ ที่,2719.914,2722.554
869,ที่จะมีการเติบโตแบบซับซ้ายในโลกนะครับ,2722.698,2726.202
870,อาจจะต้องรอผลงานนิดหนึ่งครับในการที่เราจะเปิดโตนะ,2726.634,2730.201
871,ครับ เราไม่ได้เป็นกษัตริย์ที่จะทำงานแบบปีหัวเข้าบ้านนะครับ,2730.201,2733.978
872,คิดว่าหลายๆ อย่างมันจะเกิดขึ้นในระยะ,2734.602,2737.242
873,การแล้วก็ระยะยาว,2737.578,2738.874
