text,start,end
สวัสดีครับ,12.53,13.7199375
สวัสดี เอ่อ นักลงทุนทุกท่านนะครับ,14.3099375,16.6199375
แล้วก็ เอ่อ คุณผู้ชมทุกท่านนะครับ,16.6199375,18.929937499999998
นี่ก็เป็นวัน Auxility Day ที่ผมจะรายงาน,19.38,23.16
การล่าสุดนะครับ,23.5,24.72
ซึ่งก็ล่าสุดในสินทรัพย์รอบ 2 นะครับ,25.1499375,28.0819375
 แล้วก็อัปเดตเรื่องต่างๆ ของบริษัท Interfarm มาก,28.0819375,31.2799375
ครับ,31.86,32.27
เอ๊ะ ไม่เหนื่อยเลย,34.38,35.93
อย่านะครับ ท้อที่,44.45,45.59
ก็วิชัยทัศน์ของบริษัทนะครับ,53.35,56.2
ก็เราต้องการเป็นผู้นำผลิตภัณฑ์สุขภาพแบบครบวงจรนะ,56.73,59.985
ครับทั้งของคนแล้วก็ของสัตว์จากต้นน้ำเดินตายน้ำนะครับ,59.985,63.24
ก็ขอมาปริศนาสุขภาพกับพวกองค์กรก็,63.9899375,66.79
จะพูดให้ฟังนะครับว่า ว่าเป็นอย่างไรนะครับ,67.1,69.60499999999999
แล้วก็จากส้นน้ำเป็นปลายน้ำเป็นอย่างไรนะครับ,69.60499999999999,72.10999999999999
ไว้สมัคร,73.36,74.0099375
สำหรับครบวงจรนะครับ เอ่อ เครดิตทางสุขภาพเนี่ยในใน,74.33,78.175
วิสัยทางของบริษัทก็คือว่าจะหมายความว่าตั้งแต่เอ่อ,78.175,82.02
ที่หัวพลิมิตเลยนะครับก็คือเรื่องเกี่ยวกับนวัตกรรม,82.67,85.668
นะครับ ตอนนี้งานของผมที่ทำหลักๆ ก็คือเป็นการ,85.668,88.88000000000001
ไปหานวัฏกรรมใหม่ๆ นะครับใน,89.44,91.697
การรักษาแล้วก็การป้องกันโรคนะครับ,91.697,94.18
แล้วก็ถัดมาอันนี้ก็จะเป็นเรื่องของยาซึ่งปัจจุบัน,94.81,97.744
เรามีโรงงานยา 2 โรงนะครับที่ผลิตยาที่เรียกว่า,97.744,100.495
เจินาลิกนะครับหรือ Phenocytical ที่เป็นเจินาลิก,100.495,103.429
ครับ,104.27,104.88
แล้วก็จะมีเรื่องของมูลค่าสุทธิโทรลแล้วก็,105.24,108.22
 cost based นะครับซึ่งมันเป็นตรงกลางนะครับระหว่าง,108.22,111.42999999999999
อาหารเสริมจากยานะครับที่เรียกว่าโฆษณเคสับ,111.97,115.3
แล้วก็ระหว่างเครื่องสำอางกับยาเนี่ยก็จะเรียกว่า,115.75,119.38
คอร์สเมสิกินข้าวหนึ่งได้ใช้สัมภาษณ์นะครับ,119.8999375,122.2999375
แล้วก็หมายรวมถึงเรื่องของเซตเตอร์เทลตี้ฟูด เทลตี้ดิ๊ก,123.22,126.682
นะครับ เทลตี้แฟนแอค,126.682,127.98
แล้วก็ Personal Care นี้ก็ยังอยู่ใน,128.69,131.249
สโคปที่ทางบริษัทจะดำเนินธุรกิจนะครับ,131.249,134.04
เพราะว่าผมเองก็มีความเชื่อว่า,135.3299375,137.81
กินทานสุขภาพอย่างเช่นอาหารเนี่ยอนาคตมันอาจ,138.28,140.952
จะแท็กเกิลกันตั้งแต่การที่เรารับประทานอาหาร,140.952,143.82999999999998
อาหารที่เราทานอะไรต่างๆเนี่ย,144.5499375,146.54
ก็คนเขาจะเริ่มใส่ใจเรื่องว่าอาหารที่ทำจะ,147.04,150.173
ต้องปลอดภัย แล้วก็ดีต่อสุขภาพนะครับ รวมทั้งเครื่องดื่ม,150.173,153.53
สำคัญของทางเล่นนะครับ,153.95,155.68
พูดถึง tomacidical นะครับอันนี้ก็จะเป็นตัวอย่างของยาที่,157.87,161.42
โรงงานโรงผลิตจากทั้งสองโรงงานนะครับที่สมุดประชาธิปไตย,162.0199375,165.7719375
ชื่อใบสัตย์ย่อยที่ชื่อว่าโหมดด้านฝามาก,165.7719375,168.1999375
แล้วก็โรงงานที่ชื่อ Inter-,168.78,171.125
Sarma ที่อยู่ อายุขยะนะครับ,171.125,173.47
ที่อยู่ในฟลอปประสาทคำรสชนะสอง อย่างเช่นซิมเน็ต,173.98,176.76999999999998
ก็เป็นยารถไขมัน เม็ดฟอลลินก็เป็นยาเบาหวาน,176.76999999999998,179.55999999999997
Sensing ก็คือยาแก้แพ้แบบไม่ง่วง AlloTap,180.06,182.335
 ก็เป็นยาแก้แพ้แบบไม่ง่วงอีกกลุ่มหนึ่งนะครับ,182.335,184.61
ทั้งสองกลุ่มเนี้ยก็เป็น เอ่อ ปัจจุบันแพทย์ก็จะใช้กันอยู่ด้วยครับ,185.11,188.79
ไปลบต้นก็พยายามรักษาโรคเฟลินนะครับ,189.33,191.54
ดังนั้นขวาก็จะเป็นตัวอย่างของยาที่ผลิตที่,191.89,195.39
สมมติประการนะครับปัจจุบันเนี่ยสาธิตัวเนี้ยเราก็มี,196.04,199.30499999999998
แผนนะครับในการที่จะทำให้มันเป็นโอทีซีแปลนะครับ,199.30499999999998,202.56999999999996
ที่จะเป็นยาที่ใช้กันอย่างเท่าไหร่ในร้านใช้ยา,203.17,206.74
อย่างเช่นเบลล่าพลาดเนี่ยเป็นยาสอนวันประจำบ้านนะครับ,207.19,211.09
ที่ ที่เราพึ่งประกอบ,211.67,213.3
อีกโฆษณาที่มีคนอ้างเป็นพรีเซนเตอร์นะครับ,213.6,215.97
ก็ส่วนโรงงานอายุทธยาเราก็จะผลิตที่,218.07,221.11
น่าจะเป็นยอดของคนในมิตรนะครับ,221.37,223.385
ที่เป็นกลุ่มที่เรียกว่าญาตานะครับ,223.385,225.39999999999998
ซึ่งยาต่างก็อย่างที่เคยเรียนแล้วคือหลายๆครั้งนะครับว่า,225.89,229.8
ในเมืองไทยมีโรงงานที่สามารถ,230.09,233.178
ผลิตยาตาได้ไม่กี่โลม,233.178,235.57999999999998
คิดว่าถ้าเป็นผู้ผลิตในประเทศเนี่ย,236.29,238.85999999999999
 โรงงานยุทยาน่าจะเป็นอันดับหนึ่ง,238.85999999999999,241.42999999999998
นอกนั้นก็จะเป็นสินค้านั่ง,242.02,243.29
แล้วก็ผลิตในมาตรฐานระดับโลกนะครับ,243.61,247.4899375
ที่กลุ่มนี้ก็ยังเป็นที่ทางเพวาหรือ,247.98,250.375
ทศักดิ์ญาณดับหนึ่งของอิสลาเอนะครับ,250.375,252.77
มันก็เป็นยาเจนลิก ในสัตว์ยาเจนลิกอันดับหนึ่ง,253.09,255.885
ของโลกเนี่ยเขามาจ้างเราผลิตอยู่ ผลิตยาตาต่างๆ,255.885,258.68
แต่อย่างที่เคยเห็นนะครับ เราก็จะมีแผน,259.45,261.524
ผลิตยาตาของเราเอง ซึ่งตอนนี้ก็พัฒนาอยู่,261.524,263.77
แต่ก็จะมีขั้นตอนการขึ้นในเรียนอะไรต่างๆ,264.72,267.33500000000004
 ก็คิดว่าจะล้อสัญญาตาของเราเองได้ในปี,267.33500000000004,269.95000000000005
สองพันห้าร้อยหกสิบแปดนะครับ ปี สอง,270.22,273.32
ยี่สิบห้าปี,273.69,274.61
อีก 2 ปีข้างหน้านะครับ,275.02,276.38
นี่ก็จะเป็นตัวอย่างนะครับโฆษณา เอ่อ,278.59,281.16799999999995
 ที่จริงจริงแล้วเป็นคลิปนะครับ แต่เข้าใจว่า,281.16799999999995,283.97999999999996
เปิดไม่ได้นะครับ ก็พอดีจะทรงไปเป็น เป็น เป็น เป็น เป็น เป็น เป็น เป็น เป็น เป็น เป็น เป็น เป็น เป็น เป็น เป็น เป็น เป็น เป็น เป็น เป็น เป็น เป็น เป็น เป็น เป็น เป็น เป็น,287.53,291.21999999999997
 เป็น เป็น เป็น เป็น เป็น เป็น เป็น เป็น เป็น เป็น เป็น เป็น เป็น เป็น เป็น เป็น เป็น เป็น เป็น เป็น เป็น เป็น เป็น เป็น เป็น เป็น เป็น เป็น เป็น เป็น เป็น เป็น เป็น เป็น เป็น เป็น เป็น เป็น เป็น,291.21999999999997,294.90999999999997
 เป็น เป็น เป็น เป็น เป็น เป็น เป็น เป็น เป็น เป็น เป็น เป็น เป็น เป็น เป็น เป็น เป็น เป็น เป็น เป็น เป็น เป็น เป็น เป็น เป็น เป็น เป็น เป็น เป็น เป็น เป็น เป็น เป็น เป็น เป็น เป็น เป็น เป็น เป็,294.90999999999997,298.59999999999997
เราจะเห็นว่า ยาแก้ปวดในท้องตลาด,299.24,301.382
ความเย็น ปุ๊บ ยาแก้ปวดหัวนะครับ,301.382,303.31
พวกเราเนี่ยได้รับการอุณหภาพจากออย่อเนี่ย,303.9199375,306.2099375
 สามารถประทับอาการปวดได้ถึง 7 ปวดนะครับ,306.2099375,308.68993750000004
ไม่ว่าจะปวดหัว ปวดฟัน ปวดประจำ,309.05,311.57
เดือน ปวดท่อ ปวดเมื่อยจากไขวัตถ์นะครับ,311.57,314.09
ตอนนี้เราก็ยิงโฆษณาอยู่ คิดว่าหลายๆท่านคงได้เห็นเลยครับ,316.37,319.64
ตอนนี้ครับ เราก็เอาพิสดาร์ขึ้นนะครับ,321.2899375,323.89
เสียงอาจจะไม่ออกนะครับ หัวปวดประจำเดือนนะครับ,324.61,327.89
ตรวจหลังนะครับ,330.2,331.62
ปวดหัว ปวดหลัง ปวดฟัน ปวดข้อ ปวดกล้ามเนื้อ,334.96,337.195
 ปวดประจำเดือน ปวดเมื่อยจากไข้หวัดนะครับ,337.195,339.43
ปัจจุบันก็ขายอยู่ในทุกช่อง,340.04,342.243
ทางนะครับไม่ว่าเซเว่นท์ มีนิมา,342.243,344.69
เบอร์เทิร์นเทรดแล้วก็ล้างสัญญาณรูปไฟนะครับ,345.23,347.93
"เราก็คิดว่าเรากระจายได้อยู่ประมาณสัก 4,000 ล้าน",348.43,351.5
"ชานะครับ เราพยายามจะขยายพวก 10,000 ล้านชานะครับ",351.5,354.57
อันนี้เราก็ปัจจุบันเราก็เลยมีผลิตภัณฑ์,356.53,359.99699999999996
ที่เรามีพรีเซนเตอร์อยู่ 3 ตัวนะครับ,359.99699999999996,362.92999999999995
เวลาพลาก็คือคนอ้างนะครับยาสี,363.77,366.614
ฟันโปรไบโอติกของเราก็คือคุณ,366.614,369.2
อินเบลลีนะครับ,369.69,370.73
แล้วก็มีโปรแกรมชิลเว้นที่คุณ,371.03,374.11
แม้แต่พยายาม Impost แล้วต่อ,374.55,377.21
ในกลุ่มนูเช่าซูติโคลด์ เราต้องเหมือนเดิมนะครับ ผลัดเมืองทองโลก,379.79,383.80400000000003
จะมีตั้งแต่โปรแกรม ฟรีโบล วิตามินรวมต่างๆ,383.80400000000003,387.11
แล้วก็อย่างที่ท่านทราบนะครับว่า โอ้โห,389.74,393.2899375
ของเราก็ยังเป็นยอดขายอันดับหนึ่งในร้านคัญญานะครับ,393.61,396.52
แล้วในโรงพยาบาลก็เป็นอันดับหนึ่งนะครับ ใน,397.0699375,399.5599375
"แง่ของกลุ่ม 7,000 โปรไกโอติกนะครับ",399.5599375,402.0499375
เนื่องจากว่าเขาจะมีผู้ใช้กันอยู่อย่างแค่ไหน,405.4799375,409.11
สิ่งที่เราหล่อเห็นไหมครับว่าผมมี,409.6699375,412.38
ตัวสีแดงเนี่ย คือที่ว่า ระวังสินค้าปอมแล้วล่อเล่นไป,412.75,416.08
สิ่งที่กระทบกับเราค่อนข้างมากก็คือสินค้าปอมแล้วก็โลกเรียนแปลก,416.46,420.2599375
แล้วโปรแกรมเนี่ยเราก็ผมเองก็มาตั้งแต่นั้น,421.06,423.3
ว่าเวลาคุณโฟกัสกับปัจจุบันในท้องถาม,423.62,426.549
มีค่อนข้างเยอะนะครับ เราเป็นรายแรกก็จริงปัจจุบัน,426.549,429.928
เหล่านี้ก็น่าจะมีเป็นร้อยผลิตภัณฑ์เนี่ย ก็เพราะ,429.928,432.85699999999997
ว่าเราผมเองก็จะแนะนำว่าควรจะใช้ตัวที่,432.85699999999997,436.01099999999997
ค่อนข้างการแพทย์ไม่ว่าจะแพทย์เป็น,436.34,438.59999999999997
ศักดิ์สกรเนี่ยเราใช้นะครับเชื่อถือ,438.59999999999997,440.85999999999996
เราก็น่าจะเป็นแบรนด์เดียวที่,441.61,443.70500000000004
ขายอยู่ในโรงพยาบาลนะครับ,443.70500000000004,445.80000000000007
เพราะเครดิตสันนำนะครับ เครดิตสโลวัตต์ต่างๆ นะครับ,446.2899375,449.1699375
อันนี้ก็จะเป็นกลุ่ม,452.33,453.33
ที่เราสัมภาษณ์นะครับ,453.62,454.78
ก็จะส่วนใหญ่เราจะพัฒนาอยู่บนทหารของโปรเบติกนะ,456.05,459.21500000000003
ครับไม่ว่าจะยาสิทธิ์บนโปรเบติกหรือหลังหน้าโปรเบติก,459.21500000000003,462.38000000000005
แล้วก็มูสสำหรับล้างซึ่งซ่อนเลนนะครับ,462.86,466.12
ก็เป็นแผ่นด้ายแบบที่ชื่อว่า TSO มูส ยูมูส,466.45,469.7
แล้วก็ YouTube Test นะครับ,470.26,471.76
วันนี้ก็อยากเสียวัน แต่วัน,473.14,475.18
เราครบ 60 เป็นแปลงเดียวที่เรา,475.18,477.22
อันนี้ก็ต้องได้รู้ว่าจะเอายอ,478.02,480.655
นะครับว่าครบจบในหลอดเดียวนะครับ,480.655,483.28999999999996
สิ่งของโลกแข่งสืบบูรณาการแปดประโยชน์นะครับ,483.57,486.37
ก็ได้ทุกๆ ด้านนะครับ ไม่ว่า,486.99,489.752
จะฟันขาว กลิ่นปากนะครับ รสชาติพัก,489.752,492.82
รสชาติผิดปูเนื้อหักอะไรต่างๆ,493.17,495.33
จริงๆแล้วในแง่ของการวิจัยเนี่ยใน,495.7,498.27
แง่ของ Paper Application ต่างๆเนี่ย,498.27,500.84
แนวโน้มนะครับถ้าเราถามทันตแพทย์เนี่ยก็จะมี,501.41,504.235
บทบาทกับการใช้โปรเจกต์เนี่ยเป็นระยะสิบวัน,504.235,507.06
มักขึ้นเรื่อยๆ นะครับ,507.34,508.54
แล้วก็อยากจะเรียนว่าจริงๆแล้วสูตรของเราเนี่ยเป็นสูตรที่ดีๆเอา,510.7299375,514.12
พอนะครับ เราใส่สารฉับฟันไม่มาก รสชาติอ่อนโยง,514.6699375,517.6309375
ก็สร้างสมดุลของแบคทีเรียนะครับในช่องปลั๊ก,517.6309375,520.3799375
"จริงๆแล้วแปรเทนีในช่องปากมีถึง 50,000 ล้านตัวนะครับ",521.14,524.94
บางครั้งก็จะเช่าคนให้ว่า เอ่อ จุดครั้ง,525.7,527.9200000000001
นู้นเนี่ยแหละเปลี่ยนทั้งเจ็ดสิบล้านตัวนะครับ,527.9200000000001,530.1400000000001
เพราะฉะนั้นก็ควรจะใช้ยาเสียความที่จะ,530.45,532.505
สร้างสมดุลของแบคทีเรียในช่องปากนะครับ,532.505,534.56
เพราะว่าช่องปากที่ดินเนี่ยเป็นพื้นฐานนะครับ ในการที่,534.99,538.15
จะมีชีวิตที่ยิ่งยาวแล้วก็ชะลอเอาไว้นะครับ,538.15,541.31
นอกจากต่อมไส้เลย,541.97,543.3
แล้วปากก็จะเป็นต้นของการรับประทานอาหาร,543.7699375,547.01
ก็ตลอดทางเดินทางหาที่ดีเนี่ย,547.62,549.7
ก็จะทำให้สุขภาพดีนะครับ,549.7,551.7800000000001
แล้วก็ตัวนี้ที่เราคิดว่าเป็นนวัตกรรมนะครับซึ่งอยู่ภายใต้,553.31,556.41
ประชาชนเชวีระหว่างอินเตอร์ฟอร์มาร์กับไทยยูเนียนนะครับ,556.41,559.51
ไทยอินเตอร์ฟาร์ม่าถึงหุ้น 51% ไทยเนี่ยถึง,559.95,562.609
หุ้น 49% นะครับชื่ออินเตอร์ฟาร์ม่า 4 ติดต้า,562.609,565.49
อันนี้เราก็หลังจากเรา เอ่อ,565.99,568.0600000000001
 ลอง ถ้าลองจราจรต่างต่างก็,568.0600000000001,570.1300000000001
ผมคิดว่าน่าจะถึงเวลาที่เราจะ,570.5299375,572.9399374999999
เริ่มทำการที่จะให้คนรู้จักแค่ไหน,572.9399374999999,575.3499374999999
เพราะมี DSA ถึง 600 อเมริกาหมด,575.99,578.24
เราก็คิดว่าตัวนี้จริงๆแล้วเป็นจังหวัดประจำมาก,578.88,581.899
นะครับผมเองก็ทานทุกวัน ให้คุณแม่ทาน ให้ลูกทานเนี่ย,581.899,585.12
เขาพบว่าจริงๆแล้ว,585.7,586.98
คือพันธมณ์ในท้องตลาดไม่มี DHA ได้,587.92,590.8249999999999
ถึงไม่เกินแค่ร้อยกว่าบริกรรมนะครับ,590.8249999999999,593.7299999999999
600 มีกรัมเนี่ยจะเทียบเท่ากับการป่าถึง เราจะ,594.22,597.099
เก็บ DHA 600 มีกรัมต้องผ่านป่าถึง 20 กิโลนะครับ,597.099,600.2
เหลืองก็มาด้วย Position 20 กิโลนะครับ,600.66,603.06
แล้วก็อย่างที่เรียนคำว่าโรงงานยุทธยาเนี่ย ตอนนี้,603.72,606.0350000000001
เราก็ทำเนี่ยปีที่แล้วนะฮะ สองพันยี่สิบสอง,606.0350000000001,608.3500000000001
แผนที่เราจะกวาดให้เป็น EU Standard นะครับ เป็น,608.82,611.4730000000001
 Standard ระดับโลกสามารถจะฝึกออกไปทั่วโลกได้,611.4730000000001,614.33
เรากำลังทำยาตานะครับซึ่งเป็นไทยหนึ่งของโลกนะครับ,614.91,617.82
เพราะปัจจุบันเดียวกันจะเป็นโรคตากันค่อนข้าง,618.31,620.5559999999999
มากนะครับไม่ว่าเด็กที่จะเป็นสายตาสั้น,620.5559999999999,622.6299999999999
คนแก่มากขึ้นก็จะมีสายตายามาก,622.92,625.235
ขึ้นมีท่อประจกมากขึ้นท่อดินมากขึ้น,625.235,627.5500000000001
อักเสบมากขึ้นนะครับ,627.82,629.29
แล้วก็นี่ครับก็คิดว่าน่าจะล้อเสียได้,630.09,632.615
นะครับในไตรมาส 4 กับปี พ.ศ. 2526 นะครับ,632.615,635.35
เพราะว่ามันจะมีกระบวนการผลิตเทคโนโลยี,636.03,638.494
 ทานเฟิร์น ขึ้นทะเบียนอะไรต่างๆ,638.494,640.2
แล้วก็เราก็มีแผนนะครับที่เราก็จะทำ,641.56,644.915
ไปสู่ยาสมุนไพรแบบโมเดิร์นนะครับแบบสมัยใหม่,644.915,648.27
แล้วก็มีแผนที่จะทำยาหม่อม ยานม,648.96,651.697
 เอ่อ ลูกอมสมุทรภัยนะครับ เนื่องจากว่าโรง,651.697,654.434
งานสมุทรประการเราได้รับอนุญาตในการผลิต,654.434,657.42
เป็นทัศนมนต์ภัยแล้วนะครับ,657.92,660.47
สมุทรไทยก็เป็นเพียงหนึ่งของโลกนะครับ,660.91,663.14
ผมคิดว่า ลูกอมเราก็เป็นลูกอมที่,663.84,666.585
มีแตกต่างกับบรรเทาอาจารย์ใครได้นะครับ,666.585,669.58
มีกายชายขาวที่ป้องกันการติดเชื้อ หรือการอักเสบได้นะครับ,670.06,673.84
แล้วก็ในแง่ของสัตว์นะครับ เป็นความสุขภาพ,675.64,678.03
แล้วก็ควบวงจรเลยครับ ตาม 3 เหรียญเลยครับ,678.03,680.42
ไม่ว่าเราจะเป็นยานะครับ,680.93,683.0749999999999
ถุงยาสำหรับน้องหมาน้องแมว,683.0749999999999,685.2199999999999
อ๋อ โอเค โอเค โอเค โอเค โอเค โอเค โอเค โอเค โอเค โอเค โอเค โอเค โอเค โอเค โอเค โอเค โอเค โอเค โอเค โอเค โอเค โอเค โอเค โอเค โอเค โอเค โอเค โอเค โอเค โอเค โอเค โอเค โอเค โอเค โอเค โอเค โอเค โอเค โอเค โอเค โอเค โอเค โอเค โอเค โอเค โอเค โอเค โอเค โอเค โอเค โอเค โอเค โอเค โอเค โอเค โอเค โอเค โอเค โอเค โอเค โอเค โอเค โอเค โอเค โอเค โอเค โอเค โอเค โอเค โอเค โอเค โอเค โอเค โอเค โอเค โอเค โอเค โอเค โอเค โอเค โอเค โอเค โอเค โอเค โอเค โอเค โอเค โอเค โอเค โอเค โอเค โอเค โอเค โอเค โอเค โอเค โอเค โอเค โอเค โอเค โอเค โอเค โอเค โอเค โอเค โอเค โอเค โอเค โอเค โอเค,686.02,688.65
สำเนาะแล้วแมวนะครับ,689.14,690.78
ไม่ว่าจะเป็นแชมพูนะครับ,691.38,693.25
เกียรติสมัยเวชสำคัญของน้องหมาน้องแมว,693.64,695.764
เนี่ยแล้วก็แชมพูน้องก้าวดับหนึ่งนะครับ,695.764,698.1
แล้วก็ไม่ว่าจะเป็นอาหารสุขภาพนะครับของเราเป็นเว็บโทรดัสที่,698.9,702.84
"ทั้ง P-Civative, Free-Gift, Gluten-Free, Grain-",703.27,706.6899999999999
"Free ที่ยังใส่ P-Bertig, Omega-3 นะครับ",706.6899999999999,710.1099999999999
ปัจจุบันเราก็ส่งออกไป 5 ประเทศนะครับ,710.53,713.35
แล้วก็ยังขึ้นเรียนอยู่อีกสองประเทศนะครับก็น่าจะ,713.89,716.98
ผลออกเลย ภายในซึ่งปีนี้อาจจะผลออกได้ทั้งหมด 7 ประเภทนะครับ,717.5,720.88
เดือนหน้าเราก็จะมีการไปออกบูที่,721.37,723.503
ยุโรป เราก็จะเปิดตลาดที่ยุโรปด้วยครับ,723.503,725.83
นะครับ อันนี้ก็อยู่ภายใต้บริษัทรวมทุนระหว่าง,727.58,730.41
Interformer แล้วก็,730.73,732.23
เอ่อ ออมเกณฑ์เอเชียนนะครับเอเชียนอะไรอ่ะ อันสุดนะครับ,732.88,736.38
เราถือหุ้นหกสิบเปอร์เซ็นต์นะครับห้องเย็นเอเชียร์เอ่อ,736.7,739.152
อาชีพอะไรอันนั้นถือหุ้นอยู่สี่สิบเปอร์เซ็นต์นะครับ,739.152,741.7800000000001
นี่ก็คือคำว่าเป็นทางสุขภาพแบบพกวงจร,742.64,745.2959999999999
แล้วก็คำว่าต้นน้ำยันไปน้ำเนี่ย,745.2959999999999,747.3389999999999
ปัจจุบันเราก็มีโรงงานอยู่ 2 โรง,747.72,749.855
งานนะครับ โดยเฉพาะโรงงานที่วิทยาเนี่ย,749.855,751.99
จะมีไทยหลับแผนที่,752.28,753.32
ในการวิจัยและก็พัฒนา,753.62,755.17
หลังจากนั้นก็จะมีการผลิตนะครับ,755.65,757.71
กิน modern format เราก็มีการพิจารณาพัฒนานะครับ พิจารณาเอาไปทำ,758.25,762.04
ยาทั่วไปนะครับ อาหารเสริม ไม่,762.33,764.433
ใช่น้ำมันบาด แล้วก็ไม่ใช่สำอาง,764.433,766.77
หลังจากนั้นเราก็จะผลิตนะครับปลาย,767.45,769.6070000000001
น้ำปัจจุบันเราก็มีร้านขยะนะครับ,769.6070000000001,771.9800000000001
แล้วก็มีโรงพยาบาลอยู่ 1 แห่งที่เราถึงรูป 50% นะครับ,772.31,775.72
นั่นแหละเราก็ขยายตัวอยู่เรื่อยๆนะครับ,776.36,778.52
พูดถึงกรณีโรงงานยุทยาปัจจุบัน,779.14,781.433
 แล้วก็จัดซื้อพอประสิทธิได้,781.433,783.309
มากขึ้นเรื่อยๆ จากการที่เราจะ,783.6,785.6650000000001
ไปคุยหาพาราวน์เลอร์ชิปเพิ่มนะครับ,785.6650000000001,787.96
ซึ่งก็ยังเป็น on-going process อยู่เรื่อย ๆ นะครับ,788.87,792.21
เพราะว่านักลงทุนหลายท่านก็มีได้ไปถึง,792.96,795.075
นะครับ ในแง่ของปลายน้ำเนี่ยปัจจุบันเนี่ย,795.075,797.19
นักฟอร์มเมอร์ซีนเราก็มีการขยายเพิ่มอีก 7,797.9,800.5699999999999
 สาขาในปีนี้ก็เป็น 27 สาขานะครับ,800.5699999999999,803.2399999999999
แล้วก็คิดว่าถึงสิ้นปีนะครับ เอาจริงๆแล้วเราสามสิบห้า,803.99,807.49
สาขาแต่น่าจะจบที่ประมาณสามสิบถึงสามสิบเอ็ดสาขา,807.49,810.99
เพราะว่าหลาย ๆ ที่เนี่ยก็จะอาจจะแลนด์,811.64,814.405
หลอดยังทำไม่เสร็จยังไม่ได้ส่งพื้นที่,814.405,817.17
แล้วก็เรื่องของการที่จะต้องได้รับ,817.74,820.416
ไป หรือยาทยา ก็ต้องใช้เวลาด้วยครับ,820.416,823.36
ในการยื่นของออยอย ในการเจ็บเกลือบหลายอย่าง,823.81,826.31
ครับ,826.94,827.54
อ๋อ,829.35,830.3
อันนี้ก็จะเป็นสาขาใหม่ๆนะครับที่เราจะ,831.12,834.08
เปิด ที่ต้องบอกนะครับที่เพิ่งเปิดไปนะครับเมื่อๆ,834.08,837.0400000000001
เมื่อวันทุกข์ ก็คือ,837.49,839.331
เมื่อวันที่ 27 จันทร์ยา,839.331,841.54
แต่ตอนนี้ก็เป็นสาขาที่น่าจะ 20 คน,842.1,845.11
นะครับ แล้วเป็นสัปดาห์ที่ 28 นะครับ,845.38,847.97
แล้วก็ยังมีสาขาใหม่ที่เราจะเกิดร่วมกับ,849.45,852.69
ทาง OR นะครับ หรือสถานีน้ำมันฟองตะท้อเนี่ย,852.69,855.9300000000001
ก็กำลังจะเปิดอีก 2 สังขารนะครับ ใน,856.55,859.155
เดือนหน้า น่าจะเปิดเดือนหน้าในตุลาคนะครับ,859.155,861.76
ก็จะเป็นสัปดาห์แฟล็กซิปของพระนครนะครับ,862.32,865.0899375
อยู่ที่ บทยุความดี 62 นะครับ,865.61,869.4599375
อันนี้จะเป็นศาสตร์ข่าวต้นแบบของศาสตร์อันนี้เรียกว่า Portofor,870.02,873.3
ก็เหมือนลักษณะคล้ายๆ ความสำเร็จที่มองนะครับ,873.71,875.82
อีกสาขานึงจะอยู่ที่เหล่าแทน,876.21,878.45
ก็แผนที่จะเปิดร่วมกันก็จะ,879.62,881.543
อยู่ประมาณ 12 ฝากขายต่อปีนะครับ,881.543,883.68
เราก็กำลังจะเสร็จ มีใช้ได้,884.52,887.24
ความล้มลือในรูปแบบอื่นๆเพิ่มเติมด้วยนะครับ,887.53,890.71
แล้วก็โรงพยาบาลนครทัศน์นะครับ นครทัศน์ที่นครศรีธรรมดา,892.19,895.464
ปัจจุบันก็กำลังอยู่รีโนเวทนะ,895.464,897.715
ครับ ถ้าท่านได้ลงไปที่นครศรีธรรมดาจะเห็นว่า,897.715,900.58
กำลังรีโนเวทนะครับในนี้ก็จะ,900.93,902.9699999999999
เป็นภาพว่าหลังจากเรารีโนเวทเสร็จเนี่ย,902.9699999999999,905.0099999999999
ก็จะเป็นโรงพยาบาลระดับมาตรฐานสากล,905.45,907.8230000000001
นะครับเราคิดว่าเรามีเป้าหมายทั้ง,907.8230000000001,909.8000000000001
ผู้ป่วยชาวไทยแล้วก็ต่างชาตินะครับ ไม่ว่าจะมาจากกระบี่ จาก,910.41,914.25
อะไรต่างๆ รวมทั้งนครศรีธรรมราชเองก็เป็นจังหวัดใหญ่นะครับ,914.25,918.09
เอกสารก่อนค่อนข้างมากนะครับ,918.36,920.47
ก็จะมี service ใหม่ๆ ต่างๆ นะครับ,921.59,923.98
ตรงเต๋อไม่ว่าจะเช็คอัพ ธรรมะ สินเตอร์ สูตรล้างไต,924.61,928.5
สิ่งที่นำมารับภูมิแท้แล้วก็ในแง่ของเอฟเฟกติกเรื่องความงาม,928.83,932.78
ทั้งฝั่งศูนย์ ศูนย์สุขภาพ การได้ยิน นะ,934.71,937.4000000000001
ครับ Beauty Center นะครับ ตามสไลด์เลยครับ,937.4000000000001,940.0900000000001
แล้วก็,941.56,943.24
ปีที่แล้วนะครับ เราอยากจะรู้ว่าเราก็ได้ SET,943.59,946.7620000000001
 AWARDS อะไรอย่างเงี้ยของอินโดรเวทีป เป็นบริษัทที่,946.7620000000001,950.1600000000001
เรามีนวัตกรรมในใหม่ โดยเฉพาะเรื่องของ,950.57,952.865
โปรไฟฟิกเราก็ยังเป็นผู้นำอยู่,952.865,955.16
ก็อย่างที่เรียนได้ตั้งแต่เมื่อวันที่แล้ว ปัจจุบัน,957.5,960.505
แล้วก็ทาง KCI ก็เป็นที่ปรึกษาในการนำบริษัท,960.505,963.51
หลักธรรมดา,963.82,964.33
หรือแบบแค่เนี่ยเฝ้าตลาดนะครับ,964.59,966.96
แล้วก็เราก็ตั้งบริษัทไอ้ว่าสิริพัทธ์,967.78,970.7529999999999
ในการที่จะลงบัตรนครพัดเข้าตลาด,970.7529999999999,973.2299999999999
ทีนี้เป้าหมายของบริษัทก็ยังเหมือนเดิมนะ,975.25,978.02
ครับ อันนี้ก็อาจจะยังไม่อัปเดตเพราะว่า,978.02,980.79
เรากำลังเริ่มทำแผน 25 ปีข้าง,981.17,984.025
หน้านะครับ คือ 2024 หรือ 2022 นะครับ,984.025,986.88
เราก็จะมีการรีวิวว่าไป rv now นะครับว่า,987.29,990.26
ว่ามันมีสิ่งแวดล้อมในห้าปีข้างหน้า,990.67,992.6949999999999
จะมีการเปลี่ยนแปลงอะไรบ้างหมดเนอะ,992.6949999999999,994.7199999999999
แล้วก็,995.0899375,995.91
ตอนนี้เรายังไปตามแผนมีเรื่องอะไรใหม่ๆ,998.46,1002.115
 เราอาจจะต้องปรับแผนหรือมีแผนเดิมที่บางอย่าง,1002.115,1005.77
ไม่เวิร์คเราอาจจะต้องเอาออกไปนะครับหรือว่ามีอะไรใหม่,1006.28,1009.5649999999999
ใหม่ครับเพราะว่าอย่างที่ท่านทราบว่าโลกมันเปลี่ยนแปลงค่อนข้างเร็วเลย,1009.5649999999999,1012.8499999999999
วันนี้เราก็เจอกันรีวิวสิทธิ์แผนนะครับ เราก็เพิ่งประชุม,1013.61,1017.0550000000001
ความเป็นความเป็นความรับผิดชอบกันไปเมื่อสัปดาห์ที่แล้วนะครับ,1017.0550000000001,1020.5000000000001
เป็นการที่จะเรียกว่า รบกวนแผน 2024 ถึง 2028 นะครับ,1020.97,1024.9100625
ปีข้างหน้านะครับ,1025.4599375,1027.12
จริงๆ แล้วทางเนื่องจากผู้ถือหุ้นเรา,1027.4,1030.4300625
อีกสงบกลุ่มหนึ่งก็คือทางบรรพบทภายใต้บริษัทยุโนเวกเอเชียเนี่ย,1031.6999375,1035.6800625
ก็ได้มีการรีเควสกับทางอินเดีย ฟามาสต์,1036.63,1039.8870000000002
เหมือนกันว่าอยากได้เป็นแผ่ 15 ปี,1039.8870000000002,1042.3300000000002
ซึ่งเราก็ได้มีการทำแผนเป็นสองพัน,1043.1,1045.8899999999999
ยี่สิบสี่ถึงสองพันสามสิบแปดเลยครับ,1045.8899999999999,1048.6799999999998
เพราะ 15 ปีข้างหน้าเนี่ยเราจะมีพัฒนาการ,1049.41,1052.008
ในเรื่องอะไรต่างๆ นะครับ,1052.008,1053.74
ซึ่งก็ถูกต้องนะครับเพราะว่าไม่ว่าจะเป็นธุรกิจน้ำมัน,1054.11,1056.99
หรือธุรกิจยา มันเป็นธุรกิจที่ค่อนข้างระยะยาว,1056.99,1059.51
ใช้เวลาสม่ำเสมอ,1060.05,1061.61
ในการจะขึ้นทะเบียนในการจะเทคโนโลยีทาง,1062.11,1065.253
เฟิร์นในการที่จะพัฒนาในวัตกรรมสมมติเป็นเป้าหมาย,1065.253,1068.62
ผมไปสัตว์ในระยะยาว,1069.07,1070.77
อันนี้ก็เป็นคร่าว ๆ นะครับ,1073.19,1075.62
ตอนนี้สำหรับปัจจุบันตอนนี้ไตรมาส,1076.01,1078.76
 3 เรายังไม่ได้ปิดนะครับ งั้นข้อมูล,1078.76,1081.51
ขณะการล่าสุดก็ยังเป็นไตรมาส 2 ครับ,1081.51,1084.26
คิดว่าหลายน่ะก็คือหลายท่านคงทราบดีนะครับจากที่เรา,1084.59,1087.78
กดแจ้งตลาดไปแล้วนะครับ,1088.24,1089.7
ก็จะไปเร็วๆ นะครับ,1090.38,1091.88
ก็ก่อนจะพูดก็อยากจะพูดถึงว่า,1092.48,1095.6
คือจริงๆแล้วไตรมาสหนึ่งเนี่ยจะอยู่ประมาณ 400 กว่าร้อย,1096.05,1099.55
แล้วก็กำไรประมาณ 40 บาท แต่ก็ยอมรับนะครับว่า,1099.55,1103.05
แผ่พรปีนี้นะครับอย่างที่ได้เรียนไปนะครับ,1103.34,1106.38
ว่าเอ่อ ตั้งแต่ไตรมาสสองสามสี่เนี่ยเราจะเริ่มมีจาน,1106.89,1110.87
เอากำไรเนี่ย,1111.97,1112.93
ได้เนี่ย ไปใช้ในการสร้างแบรนด์ใดๆ เนี่ยครับ,1113.2,1116.29
ก็คืออย่างเช่นเวลาพลาดนะครับ,1116.83,1119.63
ยักษ์สีฟันอยู่นะครับ,1120.13,1122.14
แล้วก็โปลแบ็กซ์นะครับ ซึ่งปัจจุบันภายใต้สมาชิก,1122.74,1126.304
ของโปลแบ็กซ์เนี่ยก็มีเทรดฟันค่อนข้างหลากหลายนะครับ,1126.304,1129.63
ฉะนั้นเนี่ยเราก็ยอมรับอย่างหนึ่งว่าเราจำเป็น,1130.43,1132.973
ที่จะต้องเอากำไรเนี่ยไปสร้างแบรนด์นะครับ,1132.973,1135.32
ซึ่งเรามองว่าการสร้างแบรนด์ก็เหมือนการสร้าง Intentional,1135.86,1139.01
 Asset ในเชิงของบัญชีและการเงิน,1139.01,1141.11
มันจะตีว่าเป็นค่าใช้จ่ายนะครับ,1141.64,1143.54
เราก็คิดว่ามันก็จำเป็นเลยครับเพราะว่าเรา,1145.3,1148.43
มีแผนที่เราจะเติบโตในระยะกลางจะยาวเลยครับ,1148.8,1151.78
เพราะฉะนั้นเนี่ยเราก็คิดว่าเราไม่สามารถ,1152.34,1155.091
จะเอากำไรเพื่อโชว์นะครับ กำไรดีแต่ว่า,1155.091,1158.071
ระยะสั้นดีแต่ระยะกลางระยาวอาจจะไม่,1158.071,1161.051
ไม่ดีเท่าไหร่นะครับ,1161.56,1162.63
เราก็ยังอยู่ในช่วงที่จะเป็นการลงทุนนะครับใน,1162.89,1166.2140000000002
ในเรื่องต่างต่างไม่ว่าจะการปรับปรุงโรงงานเป็น EU Standard,1166.2140000000002,1169.7600000000002
การขยายสาขาของร้านแหล่งกรมภาษีการปรับปรุง โรง,1170.45,1174.085
พยาบาลให้เป็นรัฐธรรมศาสตร์กล เพื่อรองรับระยะยาว,1174.085,1177.72
การที่จะสร้างแบรนด์ผลิตภัณฑ์ใหม่,1178.43,1180.891
ใหม่ให้พวกเรารู้นะครับมากขึ้น,1180.891,1183.66
ครับ,1184.49,1184.92
เพราะฉะนั้นอย่างกรณีไตรมาส 2 เนี่ย ทางจริงๆ แล้ว,1185.49,1188.92
ถ้าเราเอาใช้จ่ายในโฆษณา,1189.26,1192.23
กลับเข้าไปหรือถือเงา รายได้,1192.23,1195.2
โดยเฉพาะคำแบกเนี่ย น่าจะไม่ได้แตกต่างจากปลายม่านหนึ่ง,1195.74,1198.6
พอเรามีการเอาเงินกำไรเป็น,1199.3,1201.34
ส่วนไปดีโฆษณาก็จะทำให้,1201.34,1203.3799999999999
เท่าไรมันต้องลงไปนะครับตามชัย,1203.67,1205.68
แสดงโฆษณาที่เราเอาไปใช้นะครับ,1205.68,1207.69
แล้วก็ส่วนไตรมาส 2 เราจะเห็นว่า Revenue เนี่ยต่ำ,1208.46,1211.905
กว่าไตรมาส 1 เพราะนอกจากว่าไตรมาส 1 เนี่ยจะมี,1211.905,1215.35
ยอดของการจ้างผลิตของเทวา รวมทั้งยอดการจ้างผลิตของ,1215.35,1219.041
บริษัทกิโลบิคซึ่งเป็นบริษัทรูปของ ปตท. เนี่ย,1219.37,1222.11
เข้ามานะครับในแต่ละวัน,1222.54,1224.19
แต่การซัมผลิตด้วยพื้นฐานนอกจากซัมผลิตเนี่ย,1224.68,1227.65
สำหรับการใช้อย่างน้อย 3 เดือน 1 6 เดือนนะครับ,1228.08,1231.71
มันก็ไม่ทำให้ไตรมาส 2 เนี่ยไม่มียอดการ,1232.07,1234.3
จ้างผลิตนะครับ เป็นแง่ของ,1234.68,1236.04
ออฟไลน์หรือรายได้เนี่ยก็เลย,1236.36,1238.33
หายไปจากการที่ไม่มียอดการจ้างผลิตใน,1238.63,1241.4910000000002
ไตรมาส 2 ครับซึ่งมีวันหยุดค่อนข้างเยอะนะครับ,1241.4910000000002,1244.5900000000001
เงินปีใหม่ไทยเนี่ยก็ก็เป็นเหตุผลในการที่เขาจะต้อง,1244.87,1248.26
เจ้าผู้หญิงให้มาจำนวนปริมาณมากนะครับ,1248.71,1251.43
ไตรมาสสองก็เลยไม่มีนะแต่ไตรมาสสาม ไตรมาสสี่เนี่ยก็จะมี,1251.72,1255.635
ยอดจ้างผลิตกลับเข้ามานะครับ โดยเฉพาะจากเครือวาลนะครับไปจากอิตาลเอง,1255.635,1259.55
ที่ที่สร้างโรงพยาบาลตาย,1260.1,1262.71
ครับ,1263.76,1264.13
ก็,1265.3,1266.16
เป็นไง ของสัดส่วน,1266.68,1269.63
นะครับก็,1270.53,1271.84
ปัจจุบันเนี่ย,1272.16,1273.23
นะครับก็,1274.5,1275.76
เดินลงมานะครับ ในแง่ของสัดส่วนนะครับ,1278.320125,1281.71
ปัจจุบันทุกท่านก็จะเห็นว่า,1283.75,1286.537
สัดส่วนของทางของคนเนี่ยก็จะ,1286.537,1289.324
ผิดของคนก็จะมากขึ้นนะครับ,1289.324,1292.111
และการที่เรามีร้านแล็บซึ่งเป็นร้านไข่เกียจ,1292.42,1294.33
สะพร้อมสำหรับคนนะครับ,1294.6,1296.070125
เราก็จะเห็นว่าสัดส่วนของสำหรับข้อเนี่ยเป็น,1296.690125,1300.279125
 67.5% นะครับ สำหรับสัตว์เนี่ยอยู่ประมาณ 20,1300.279125,1304.144125
% แล้วก็โรงบาลเนี่ยประมาณ 12.7% นะครับ,1304.144125,1308.009125
ถ้าเกิดในแง่ของ,1310.71,1312.78
มองดี 6 เดือนนะครับก็,1313.35,1315.97
รายได้ก็เติบโต 35% นะครับ,1316.23,1318.53
แล้วก็ถ้าบ่าย 10 เน้นนะครับ,1319.07,1321.541
 ในแง่ประทิศนั้นเป็นรายไตรมาส,1321.541,1324.32
อย่างงี้ฟิล์มเบนต์ก็จะเห็นว่า,1325.44,1327.26
ทาง,1328.12,1329.01
ของคนก็จะอยู่ที่ 69% นะครับ ของสัตว์จะ,1331.38,1334.4810000000002
อยู่ที่ 19% แล้วก็โรงพยาบาลเนี่ย 12% นะครับ,1334.4810000000002,1337.8200000000002
Cost Profit นะครับ ก็จริงๆ แล้วเรา,1339.88,1342.0990000000002
จะเห็นว่า Cost Profit เนี่ยดีขึ้นนะครับ,1342.0990000000002,1344.5400000000002
จากเต๋อ,1344.99,1346.139875
ไม่ว่าจะเป็นทั้งของคนแล้วก็ของสัตว์นะ,1346.539875,1348.8898749999998
ครับของคนเนี่ยจะเห็นว่า cost-benefit,1348.8898749999998,1351.2398749999998
ในไตรมาส 2.37 ขึ้นไป 39 นะครับ,1351.58,1354.34
แล้วก็ของสัตว์ก็ 36.7 เป็น 39.8 นะครับ,1355.13,1359.039875
อ้า ในแง่ของ 6 เดือน,1359.419875,1360.789875
ก็ใกล้ 41.12 ไม่ 41.4 นะครับ,1361.299875,1364.909875
ของสัตว์นี้ 36 เป็น 38% นะครับ,1365.509875,1368.47
จริงๆ แล้วจะเห็นว่าการอัตรากำไรขั้นต้นก็,1369.34,1372.677
ยังอยู่ใกล้เคียงเดิม หรือปีขึ้นกว่าเดิมเล็กน้อยนะครับ,1372.677,1376.27
แต่ว่าปัญหาก็จะอยู่ที่ว่าการใช้ตัว Operating,1376.86,1380.404
 Expense นะครับ ที่จะเป็นตัวที่จะกระทบใน Profit นะครับ,1380.404,1384.17
นะครับ อย่างเงี้ยเปอร์เซ็นต์ซื้อดีนะครับ,1385.149875,1387.649875
เราก็จะอยู่ใกล้เคียงข้างข้างเดินนะครับ,1387.649875,1390.399875
แต่ว่าเราจะเห็นว่า Feeling and administrative,1391.46,1394.612
 experience เนี่ย ไปหน้า 2 ก็จะกระโดดขึ้นมาเลยครับ,1394.612,1397.99
นี่ 27 ในไตรมาสนึกจากเป็น 33% นะครับ,1398.45,1401.71
แล้วก็หนึ่งสำหรับห้ามหนึ่งก็จะจาก,1402.72,1405.265
ยี่สิบเก้าเป็นสามสิบเปอร์เซ็นต์นะครับ,1405.265,1407.8100000000002
ดังนั้นตอนนี้เน็ตโปรฟิกซ์ก็เลยทำให้ไตรมาสเอ่อ,1410.66,1413.703
สอง ให้ส่วนใหญ่ก็สามจุดสองเปอร์เซ็นต์จากการที่เรา,1413.703,1416.7459999999999
เอาเงินไปยิงโฆษณาครับ อ่าหักหลายหลายแบรนด์นะครับ,1416.7459999999999,1419.7889999999998
อ๋อ ครับ,1421.62,1423.04
ก็เลยเวลาที่เหลือนะครับ ก็จะเป็น,1423.99,1426.9
ช่วงของคำถามคำตอบนะครับ Q&A นะครับ,1426.9,1429.8100000000002
ผมจำได้ว่าใน Office ID Day,1430.48,1432.455
 คราวที่แล้วเนี่ยก็ตอบไม่ทันนะครับ,1432.455,1434.6499999999999
พยายามลดให้เสร็จเร็วนะครับ โดยจะย้ายไปตาม Q&A,1435.27,1438.98
พ่อมีคำถามนะครับว่า,1439.51,1441.33
จากนักลงทุนนะครับว่า ณ ปัจจุบันเนี่ย,1441.82,1444.32
ธุรกิจร้านขยาที่เป็นรายใหญ่เริ่มเข้ามา,1444.63,1447.767
แข่งมากขึ้นเช่น ดร.ฟอร์มา โอคอมเซเว่น,1447.767,1451.19
จนถึงหลังขยะของเซเว่นที่ลูกเหมือนกันแล้วก็หน้าเจาะ,1451.809875,1455.809875
โอเค ไม่ใช่,1456.54,1457.53
ไม่แน่ใจผู้บริหาร,1458.67,1461.14
มองเรื่องนี้อย่างไร,1461.69,1463.82
และมีวิธีการจัดการกับเรื่องนี้อย่าง,1465.22,1467.6000000000001
ไรบ้างที่จะทำให้เราเกณฑ์มาเก็บแซง,1467.6000000000001,1469.9800000000002
ก็คืออย่างนี้ครับ ปัจจุบันเราก็เลย,1470.85,1474.179875
แผนของเราเนี่ยส่วนใหญ่ก็จะเป็นเรื่องของการปรับปรุงหรือเรื่องของ,1474.92,1478.21
อเมริกานะครับ,1478.9,1480.24
เรื่องของ CIN นะครับ แล้วก็,1480.59,1482.7549999999999
การขยายสาขานะครับ ไป,1482.7549999999999,1484.9199999999998
สำหรับอย่างที่เห็นนะครับว่าในแผนก็จะมีการเปิดที่,1485.49,1489.27
อัตยานะครับ ส่งสรรค์ข่าว,1489.64,1491.679875
มีบุคเก็ต 3-4 สาขานะครับ,1492.17,1495.26
ก็จะเป็นการขยายสภา,1496.34,1498.13
คือธุรกิจหลักฟังธรรมชีพจริงก็ยอมรับอย่างหนึ่งว่า,1498.66,1501.99
ถ้าสุดแข็งเนี่ยก็จะมีเรื่องของการ,1502.41,1504.36
ที่มีแปลงนะครับ เพราะทำมา 27 ปีนะครับ,1504.65,1507.13
นั่นเองแหละของความน่าเชื่อถือ เราก็คิดว่าอยู่ในระดับต้นๆ,1507.69,1511.23
ก็ยอมรับว่า อาจจะอยู่ในกลุ่ม,1511.79,1514.305
ของ ท่านเรียกอะไรดีครับ กลุ่มของ,1514.305,1516.8200000000002
บีกับเออะไรอย่างเงี้ยซึ่งตอน,1517.14,1519.1950000000002
นี้เราบีบวกขึ้นไปเป็นต่างต่าง,1519.1950000000002,1521.2500000000002
เราก็เลยมีการที่เราขยายไปสู่,1521.76,1523.984
การที่ไปตั้งสถานการณ์ในซูเปอร์มาร์เก็ต,1523.984,1526.4299999999998
ได้แรงกันปากนะครับ,1526.95,1528.53
แล้วก็แผนจริงแล้วเราก็มีการทำแผนกลยุทธ์,1529.24,1532.214
กันเนี่ยก็มี 7 กลยุทธ์หลักนะครับ หุ้น,1532.214,1534.73
เราก็คิดว่าเรา,1535.6,1537.02
เราจะดีวันดีคืนขึ้นเรื่อยๆนะครับไป เอ่อ,1537.28,1540.99
ผมเองก็เชื่อมั่นว่าหลักฟังก์สิทธิ์จะดีที่นี่เนื้อถ้าท่านดู,1541.58,1544.77
ผลประกอบการเฉพาะหลักเนี่ยจะเห็นว่า,1545.28,1547.7939999999999
ทั้งรายได้แล้วก็สมัยก็ดีขึ้นเรื่อยๆ,1547.7939999999999,1550.56
ก็จะมีหลายๆคนละยุนนะครับ ไม่ว่าจะการ,1553.29,1556.891
ขยายสถานการณ์ที่จับมือกับทาง OR นะครับ ในการที่จะ,1556.891,1560.75
เปิดร้านขยะในความน้ำมันอะไรต่างๆ,1561.21,1564.11
แต่กลยุทธ์เล็กๆเนี่ยก็ต้องยอม,1565.56,1567.5639999999999
รับว่าเขาเก็บเป็นความลับก่อนนะครับ,1567.5639999999999,1569.79
แล้วก็,1572.46,1573.65
คำถามถัดมาคือธุรกิจโรงพยาบาลจากที่ดูเราซื้อมา,1574.38,1577.779
แพงกับโรงกลม เข้าใจว่าเขามีโรงเรียนท่าใกล้ใกล้แต่ก็แพง,1577.779,1581.39
ไม่แน่ใจบอกยังไงที่จะทำให้ธุรกิจนี้ชนะหน่วยระยะยาวได้,1582.02,1585.56
ซึ่งคือก็ต้องยอมรับนะครับว่าโรงพยาบาลมันเป็นธุรกิจ,1586.45,1589.098
อินเทรดนะครับเราก็ไปดูโรงพยาบาลมันค่อนข้างมาก,1589.098,1591.58
แล้วก็พบว่าเหมือนก็ไม่มีใครขายถูกนะครับ,1592.27,1595.07
คือเราก็ต้องบอกว่าแพงแล้ววัน,1595.38,1597.374
นี้เราก็ต้องหยอดซื้อเพื่อ มันเป็นการ,1597.374,1599.59
ถูกมีระยะยาวนี่แหละ,1599.88,1601.21
เราจะเห็นว่ามีการ Take over,1601.63,1603.825
 ของโรงบาลของหลายๆ กลุ่มทุนเนี่ย,1603.825,1606.02
ผมเองก็เชื่อมั่นว่ามิมีใครซื้อถูกนะครับถูก,1606.97,1610.316
 แพงในความอ่ะเนี้ยอาจจะเป็นแพงในความว่าเอออาจจะ,1610.316,1613.9
D.E. 20 เท่าหรืออะไรต่างๆนะครับ,1614.37,1616.82
ก็คิดว่าไม่ต่างกับในอินดัสซีอื่นด้วย,1617.44,1620.3300000000002
เหมือนกันนะครับ ถ้าถูกก็โกงไม่ขายนะครับ,1620.3300000000002,1623.2200000000003
แต่ถ้ามันก็จะมีถูกไปเลยที่,1624.08,1626.35
มันไม่ได้โอเคเท่าไหร่ ก็คงไม่,1626.35,1628.62
ก็ซื้อไปก็คงจะยากนะครับ,1629.37,1631.07
เอ่อ อย่างนักฟังพันธ์เนี่ยเรามีมุมมองว่า เอ่อ เป็น,1631.62,1634.417
ธุรกิจที่ ที่มีกำไรนะ งานที่เราจะไปทำ,1634.417,1637.4289999999999
ก็ จะดีกว่าธุรกิจที่มันขาดทุนอยู่แล้วนะครับ,1637.4289999999999,1640.4409999999998
เราจะไปปรับมันจะยากแต่ว่ามันเป็นเครื่องคิดที่มี,1640.8,1643.5819999999999
กำไรอยู่แล้วเราต้องไปปรับปรุงเพื่อให้กำไรมันมากขึ้น,1643.5819999999999,1646.55
ไม่มีมาตรฐานมากขึ้นเนี่ย,1647.07,1648.82
ครับ,1649.33,1649.91
แล้วก็,1650.35,1651.34
เราก็มองว่าสาเหตุที่ตัดสินใจ,1652.27,1654.846
ซื้อ ทุกๆ ร้านไปดูเนี่ย,1654.846,1656.65
เราก็จะเห็นว่า เอ่อ มันยัง เรายังอยู่ในระดับที่,1657.19,1660.38
แข่งขันได้นะครับ เนื่องจากอุบัตินโยคอยภัทรเนี่ยสร้างมา,1660.38,1663.5700000000002
ประมาณ 14 ปีแล้วก็มีฐานลูกค้าค่อนข้าง,1664.37,1667.3249999999998
มากแล้วก็อยู่กลางวงนะครับที่ดิน 7 ไร่,1667.3249999999998,1670.2799999999997
ฝั่งขวามือเป็นโรงบาลมหานครสิทธิ์,1670.87,1673.3729999999998
ธรรมลาศาลมือถือบาลนคร,1673.3729999999998,1675.3199999999997
ไม่ต่างกับโรงพยาบาลธรรมดาที่อยู่,1675.86,1678.293
ใกล้กับโรงพยาบาลศิริราชประมาณนั้น,1678.293,1680.9699999999998
เพราะฉะนั้นเนี่ยก็มองว่าในระยะยาวเนี่ยมันมี,1681.75,1684.885
ศักยภาพนะครับ เกิดอย่างงี้ของตัวจังหวัดเองนะครับ,1684.885,1688.02
ที่นครสิงห์ ธรรมดาก็เป็นค่อนข้างจังหวัดใหญ่,1688.52,1690.93
แล้วเราก็มีแผนที่อยากจะเป็นโรงพยาบาล,1690.93,1693.3400000000001
ที่จะเฟ้อ เปิดเฟ้อ ประกาศกรุงธรรมนะครับ หลาย ๆ จังหวัด,1693.71,1697.55
ก็คิดว่าก็เลย,1700.84,1702.3
จริงๆก็มีการได้เรียนเชิญบ่อน,1702.56,1705.34
ครับซึ่งก็เป็น เป็นห้าหลายท่านไปดู,1705.34,1708.4289999999999
คุณท่านก็ให้คำแนะนำให้ความคิดเห็นอย่างนี้,1708.96,1711.42
ก็มั่นว่าในระยะ ไม่ต้องถึงกับการไปยาวเหมือนกัน,1711.96,1715.6
จะดีขึ้นเรื่อยๆ นะครับ,1715.89,1717.06
ข้อที่สามหลังๆ สินค้าออม,1719.54,1721.54
ใหม่ของเราดูไม่ฟังและออกซ้ำ,1721.54,1723.79
เกิดปัญหาอะไรนะครับ,1724.94,1727.13
คือสินค้าออกใหม่นะครับมันก็,1728.05,1730.3
ต้องใช้เวลาในการค่อยๆสร้างมัน,1730.3,1732.8
ยกตัวอย่างเช่นโปรแกรมวูธหรือลิซ่านะครับ,1733.67,1737.037
 DHA พวกเนี้ยมันก็ต้องค่อยค่อยสร้างมันก็ไม่สามารถ,1737.037,1740.663
ที่จะสร้างวันปีเดียวแล้วก็ขึ้นมานะครับ,1740.663,1743.771
ผมต้องค่อยๆดูกันไปเรื่อยๆนะครับ,1744.26,1746.68
แล้วก็จริงๆ แล้วหลักการของเราก็คือเราก็ต้องการ,1747.19,1750.24
ไปพิสูจน์ตัวเองในโรงพยาบาล เพราะฉะนั้นเนี่ยสิ่งเหล่า,1750.24,1753.29
บางครั้งเราออกมาเนี่ยเราก็ต้องการไปเข้าโรงพยาบาลอ่ะ,1753.84,1757.2289999999998
จะไม่ได้ทำ ถ้าเกิดปังบางครั้งอาจจะต้อง,1757.2289999999998,1759.7699999999998
อาจจะดูแบบปังก็คือการยิงโฆษณาเยอะ,1760.45,1762.807
ๆ มันอาจจะดูปังแต่ว่ามันก็มีความเสี่ยง,1762.807,1765.3600000000001
แล้วก็ไม่อยากจะบาร์ลานระหว่าง,1765.69,1767.44
ความเสี่ยงกับการที่เราจะต้องไปเร่งมันให้,1768.09,1770.855
คนรู้เร็วๆ มันก็จะต้องบรรลาพอสมควร,1770.855,1773.85
อัพเดรต,1775.21,1775.75
ก็คิดว่าสินค้าอบหมายของเราก็อยู่ในระดับที่,1776.05,1779.02
ที่พอจริงพอใจ,1779.59,1782.34
ไม่ว่าจะเป็นกลุ่มโฆษณาเทศกาลโรมันดีใหม่,1782.87,1786.4
หรือไม่ว่าจะเป็น อย่างเช่น,1786.89,1789.865
 กลุ่มยา อย่างเช่น เบลล่า คลาส,1789.865,1792.84
ก็ต้องใช้เวลานะครับ,1793.45,1795.66
เพราะว่าผู้นำตลาดสองแบรนด์เนี่ยก็,1796.3,1798.74
ทำตลาดมานานผสมกันด้วยนะครับ,1798.74,1801.18
แล้วก็คิดว่าในแง่ของคุณภาพเรา,1801.94,1804.04
เนี่ย เอ่อ ดีแน่นอนนะครับไม่ว่าจะเป็น,1804.04,1806.35
ในแง่ของอวัตโนมัติ ในแง่ของ,1806.91,1809.0130000000001
 packaging มุมมุ่งของอะไรต่างๆ,1809.0130000000001,1811.3500000000001
เรามองคำถามถัดไป เรา,1814.96,1816.9850000000001
มอง M&A อย่างไรบ้างช่วงนี้,1816.9850000000001,1819.3000000000002
ก็คิดว่าถ้าเอ่อ ก็จริงจริงก็มีบริษัท,1820.28,1823.059
เยอะมากเหมือนกันนะครับที่มาเสนอให้เราเข้า,1823.059,1825.838
ไปถึงหุ้นบ้านแอบไปซื้อจิติการบ้านนะครับ,1825.838,1828.849
ตัวเองก็คิดว่าถ้ามันอยู่ในวิสัยทัศน์,1829.42,1831.8980000000001
ของบริษัทเราก็ต้องสนใจ,1831.8980000000001,1833.5500000000002
อัยตราวิสัยทัศน์ของการที่เป็น,1834.46,1836.32
เป็นผู้นำไปทักสุขภาพแบบ,1836.61,1838.53
คุกคงจรทั้งสองคนแล้วก็ของ,1838.53,1840.69
ตักนะครับ ต้องต้นน้ำเย็นไปนะครับ,1841.09,1843.27
คำถามถัดไปครับ,1844.59,1846.06
เรื่องขึ้นไปหน่อยครับ,1849.53,1851.64
เค็มๆๆเลยครับ,1853.77,1855.24
แนะนำว่าบริษัทควรแต่งตั้ง IR,1856.0,1859.11
ครับ,1859.65,1860.1
ติดต่อสอบถามข้อมูลอะไรไม่ได้เลยครับ,1860.91,1863.68
ก็ก็ยอมรับว่าตอนนี้เอ่อเราบริษัท,1864.06,1866.320125
ตัวเองไม่ได้มี IR นะครับ ผมก็มีการ,1866.62,1869.3129999999999
 outsource ให้กับ บริษัทหนึ่งในการทำ IR นะครับ,1869.3129999999999,1872.2299999999998
แต่คำแนะนำนี้เท่าใจว่าได้,1872.830125,1874.772125
รับคำ คอมเมนต์อยู่เรื่อยๆ นะครับ ก็,1874.772125,1876.9301249999999
พ่อน้องบับนะครับทดทบว่าเราก็มี,1877.24,1879.402
การพิจารณญัติอยู่ว่าเราน่าจะมี IR,1879.402,1881.76
สองวิสาหกรรมใน,1882.63,1884.489
ปีหน้านะครับ เป็นตลาด,1884.489,1886.72
อันนี้เราก็กำลังจะหา เออ รับ,1887.92,1890.28
คนนี้จะมาทำ IR ของบริษัทอยู่นะครับ,1893.3,1895.9
ผลการดำเนินงานช่วง Q3 แล้วแนวโน้ม Q4 เป็นอย่าง,1898.48,1902.163
ไรบ้าง อันนี้ผมพูดเท่าที่พอจะพูดได้นะครับ,1902.163,1906.13
ไม่ให้ผิดระเบียบนะครับ,1906.46,1908.779875
คือ คือแนวโน้มนะครับคือจริง ๆ เรา รายได้กำไรเราคิดว่า,1909.279875,1913.169875
ที่เราจะเกิดขึ้นในคิวสามคิวสี่จะเหมือน,1913.88,1916.3100000000002
คิวหนึ่งนะครับ จริงๆแล้วมันก็คือว่ายัง,1916.3100000000002,1918.7400000000002
แล้วคำไลจริงๆแล้วมันก็ใกล้เคียงกับ,1920.529875,1923.149875
น่าสม่วนไปม้าหนึ่งแบบประเด็นนั้นจะอยู่ที่ว่า,1923.909875,1927.039875
เราจะดึงเงินกำไรเนี่ยไปยิงโฆษณามากน้อยแค่ไหน,1927.37,1930.48
ก็น่าจะเป็นตัวที่สำคัญนะครับ,1931.61,1934.299875
เราก็อยากจะโชว์ให้เห็นว่าถ้าเราเอาค่าโฆษณาเนี่ย,1935.08,1938.5
กลับเข้าไปเนี่ยจริงๆแล้วก็ไม่มันควรจะ,1938.85,1940.955
เป็นแบบนี้ แต่ละจำเป็นที่จะต้องเอาเงิน,1940.955,1943.06
ไปสร้างแบรนด์นะครับ,1943.33,1944.559875
เพราะว่าแบรนด์ทรัพย์เซตามอลต่างๆที่ด่งดัง,1945.19,1948.108
มาเนี่ยก็เกิดจากการบินโฆษณา เป็นการรับรู้,1948.108,1951.27
ค่อนข้างมากนะครับ นึกว่าจะสื่อที่บีสู,1951.539875,1954.789875
อ่า แม้กระทั่งในโรงหนังอะไร,1956.639875,1959.210875
ว่าเอเวอร์เนี่ยค่อนข้างจะ,1959.210875,1961.209875
เป็นพอสมควรนะครับ,1961.83,1963.36
เราก็อยากจะบอกนักลงทุนว่าเราเชื่อมั่นในคำว่าเป็นล่า,1964.08,1967.407
ทันลาวเนาะ คุณภาพดีนะครับ มีการทำวิสัยก่อนที่เราจะรอด,1967.407,1970.9299999999998
เพราะฉะนั้นเนี่ย ถ้าท่าน เอ่อ ขวดมุ่งเห็ดอะไรต่างๆ เนี่ย ลอง,1971.679875,1974.928875
ทานดูนะครับ ไม่จำเป็นจะต้องไปยา กินยาเอ็นเซตแรงๆ,1974.928875,1978.380875
ได้จับเกือบทั้งหมดนะครับ,1978.73,1980.01
กระซอกแผ่นบ่าวด้วยนะครับ,1980.63,1982.679875
จริงๆ แล้วมัน มัน มีเราได้ผลนะครับ แล้วก็ packaging แล้วก็,1983.1,1986.32
แตกต่างกันครับ,1986.62,1987.419875
เป็นเด็กเช็กซิงที่มีคุณภาพนะครับ,1987.97,1989.94
ไม่มันมันเป็นแบบวิชาแพ็คที่จะทำให้,1990.399875,1994.01
คุณภาพยังคงอยู่แล้วก็จะทำให้การโดด,1994.34,1997.167
สูงอะไรต่างต่างไม่ได้ ไหว้ลงจากการที่,1997.167,1999.994
ไม่สามารถรักษาความชื้นอะไรต่างต่างได้,1999.994,2002.821
แล้วครับ,2003.37,2003.99
ทำไมรายได้ส่วนนี้เป็นแม่สะพันธ์และยาว,2005.95,2008.374
นักศึกษาโรคยอดจ่ายถึงได้ลดลงหรือลดลง,2008.374,2011.0
ทีนี้ส่วนหนึ่งเนี่ยก็เกิดจากการที่,2011.539875,2013.939875
เรา เอ่อในครึ่งปีแรกก็ยอมรับว่า,2013.939875,2016.3398750000001
เงินปรับราคาไปแล้ว,2016.63,2017.62
แล้วเราก็เลยกลายเป็นว่า เราเอ่ย,2018.159875,2020.7
มูลค่าลดลงแต่กำไรมากขึ้น,2021.019875,2023.6
แต่ว่าตอนนี้เราก็ยอมรับว่าเราพยายามจะไปเพิ่มประสิทธิภาพ,2024.19,2027.96
ในการผลิตเพื่อจะเป็นรถต้นทุนการผลิตมากขึ้น,2027.96,2030.54
ที่จะทำให้เราได้ทั้งวอลลุ่มทั้งกำไรนะครับ,2031.01,2033.76
เราก็สามารถปรับปรุงประสิทธิภาพ,2034.09,2036.3059999999998
เนี่ยในการผลิตเนี่ยในช่วงหกเดือน,2036.3059999999998,2038.2999999999997
น่าจะดึกปัจจุบันแล้วก็ปรับภูมิตลอดเวลานะครับเพื่อให้,2038.83,2041.97
เพื่อให้เขาเรียก เอ่อในแต่ละแบบสไตล์เนี้ยสามารถ,2042.399875,2045.919875
ไม่เปลืองเลย ลด,2046.639875,2048.06
ไม่ใช่,2048.629875,2049.409875
สมมติเรามีวัตถุดิบ 100 เราก็จะทำได้ 100 โต๊ะ,2050.52,2053.7
อาจจะทำได้เก้าสิบเจ็ดก็ไม่ได้ทำ,2053.99,2056.1899999999996
ได้แค่เก้าสิบสี่ก็ประมาณนี้นะครับ,2056.1899999999996,2058.3899999999994
คิดว่าในไปมาตรศาสตร์ ในมาตรศิริราชจะดีขึ้นนะครับ,2059.360125,2062.52
แต่พันธุ์,2063.51,2064.2
ทำไมรายได้ส่วนที่เป็นอาหารเสริม,2066.409875,2070.100125
โฆษณะเพศศักดิ์ถึงได้มียอดขายลดลงก็,2070.95,2073.8399999999997
ก็ยอมรับว่าเหมือนเหตุผลเรื่องยาแล้วก็พวกนี้,2073.8399999999997,2076.97
หรือตั้งแต่ต้นปีต้นมาเนี่ยเรามีการปรับรักษาไปนะครับ,2077.28,2080.49
ก็มีการกระทบอยู่เหมือนกันแล้วก็เลย,2081.130125,2083.864125
มีการรีวิสิตอยู่ว่าเราจำเป็นที่จะ,2083.864125,2086.8471250000002
ต้องให้โปรโมชั่นอะไรต่างๆ เนี่ยกลับไป,2086.8471250000002,2089.8301250000004
ในราคาเดิมหรือว่าเราพยายามที่จะ,2090.51,2092.6380000000004
ลดต้นทุนในการผลิตเนี่ย ที่บางอย่างนะครับ,2092.6380000000004,2094.9600000000005
อันนี้เราก็คิดว่าในไตรมาส,2095.51,2097.4240000000004
 3-4 เนี่ยน่าจะกลับมากนะครับ,2097.4240000000004,2099.5500000000006
ร้านขายยานักปัจจุบันเปิดได้ที่สาขาแล้วนะครับ,2102.09,2105.90025
เพราะปัจจุบันซ่อที่ต้นชนในสไลด์นี่,2106.57,2108.965
เลเตอร์วอร์ดนั่นเป็นศักดิ์ศาสตร์ที่ 28 นะครับ,2108.965,2111.36
แล้วก็ครึ่งปีหลัง คำว่าครึ่งปี,2112.45,2114.665
หลังน่าจะเป็น 3 เดือนหลังแล้วครับ,2114.665,2116.88
อันนี้เหลืออย่างแค่สามเดือนเนี่ยก็คิดว่าน่าจะเปิดได้ ประมาณสาม,2117.28,2121.0350000000003
ถึงสี่สาขานะครับปีนี้เราก็จะจบที่สามสิบสามสิบเอ็ด,2121.0350000000003,2124.7900000000004
คือต้องยอมรับว่าโดยหลักการของเราเนี่ย,2125.52,2128.241
 ตั้งแต่ต่อตั้งบริษัทมาหรือพ่อสละมาเนี่ย,2128.241,2131.21
เรามักจะตั้งตรงนี้ตาม,2131.71,2133.871
 Full-Sitting Theory นะครับ,2133.871,2136.34
ความมีไขมันจะค่อนข้างสูงนะครับ,2136.62,2138.86
เพราะฉะนั้นมันคล้ายๆว่าเราตั้งเป้าว่า,2139.6,2142.278
จะปิด น้องๆฝ่ายเสือตั้งเป้าว่าจะปิด 120,2142.278,2145.2
ถ้าไม่ได้อย่างน้อยก็จะผิดเกินร้อยนะครับ,2145.56,2147.85
อย่าลอง,2148.27,2149.04
จะไปเฝ้าเฝ้าที่ไหนเราก็ต้องตั้งเป้าเกินไว้ก่อนนะครับ,2149.47,2152.39025
เพราะฉะนั้นเนี่ยมันก็เลยเราตั้งเป้าไว้สาม,2152.82,2155.2650000000003
ห้าเราไม่ถึงเราอย่างน้อยเราก็ได้สามเอ็ด,2155.2650000000003,2157.7100000000005
แต่ถ้าเราตั้งเป้าจาก 20 เป็นแค่ 30,2158.29,2160.742
 เวลาเราตกมาจะเหลือแค่ 25 นะครับ,2160.742,2163.44
นั่นก็เป็นเรื่องที่เราบอกติดว่าจะต้องตั้ง,2164.23,2166.9900000000002
เป้าไว้ฝึกอยู่แล้ว อยู่บน Trust Case ว่าถ้าเกิดเรา,2166.9900000000002,2169.98
เราเปิดโดยไม่สะดุดอะไร ไม่ว่าจะเรื่องของการแบนลอร์ดสมมติ,2170.63025,2174.41525
พื้นที่การยื่นขออนุญาตเอายอเนี่ยเราจะเปิดได้เท่าไร,2174.41525,2177.78025
สูงสุด,2178.07,2178.74
เพื่อให้มันอยู่ใน Speed นะครับ ในการ,2179.57,2182.1
ความแบบเป็นที่นะครับ,2182.45,2183.92
ก็คำตอบก็คือ น่าจะเปิด,2186.76,2189.01
ได้อยู่ต่ำกว่า 30-31 33,2189.01,2191.26
เพราะฉะนั้นเราพบว่าอย่างกรณี,2192.16025,2194.07825
ที่ภูเก็ตก็ใช้เวลาค่อนข้างมาก,2194.07825,2196.20925
กับระบบที่เรา,2196.6,2197.99
เราวางไว้นะครับ ไม่ว่าจะเกิดจาก เอ่อ แร้นหลอด,2198.32,2201.2
ที่ยังไม่ได้ส่งมอบเป็นที่แย่กับเรา,2201.68,2203.86
แล้วก็ในการที่จะออกแบบ,2204.28,2206.5750000000003
ดีไซน์แล้วก็การต่อสร้างด้วย,2206.5750000000003,2208.8700000000003
ถัดไปนะครับ,2211.67,2213.21
Cost Profit ของร้านยาแล็บฟันฟรีปัจจุบัน,2214.03,2216.9150000000004
ก็ดีขึ้นเรื่อยๆนะครับ Cost Profit แบบนี้,2216.9150000000004,2219.8000000000006
สี่สิบเปอร์เซ็นต์ได้นะครับอัน,2222.3,2224.1870000000004
นี้เราก็ตั้งเป้าด้วยว่าเราอยาก,2224.1870000000004,2226.3100000000004
จะเหลือ Net Profit อยู่ประมาณ 8% นะครับ,2226.57,2229.17
ถัดไปเม็ดคำถามเกี่ยวกับโรงงานผลิตยานะครับ เลื่อนขึ้นไปหน่อย,2232.54975,2236.47
สำหรับโรงงานผลิตยาทั้งหมดนะครับ เป็นสัดวิการใช้กรรมการผลิตอยู่ที่กี่เปอร์เซ็นต์,2237.38,2241.32975
ก็ที่,2242.03975,2243.41
ที่อายุทยาหาเวียน,2245.04975,2246.31975
ก็ยอมรับนะครับว่าปัจจุบันใช้,2246.58975,2249.16575
กำลังกรมถึงไม่ได้มากเท่าไหร่นะครับ,2249.16575,2251.99975
อยู่ที่ประมาณ 30-40% เองครับ,2252.56975,2255.41
ก็เราก็มีอย่าง อย่างเช่นเราที่มี,2256.03975,2258.64975
 Project ที่จะทำยาตาของเราเองเนี่ย,2258.64975,2261.51975
ก็เลยจ่ายเทียนเสียเพิ่มนะครับ,2262.00975,2263.50975
หรือจารย์ไปคุยพาร์ทเนอร์ชิปนะครับที่ผมเดินทาง,2263.81975,2266.28975
ต่างๆ เนี่ยก็คือไปคุยพาร์ทเนอร์ชิปเนี่ย,2266.28975,2268.37975
อย่างเช่นไปดูโรงงาน Lotus สมาสนิกโน่ของทาง,2268.94,2272.63
ก็พอที่ไต้หวันเมื่อสองเดือนที่แล้วเนี่ย,2273.44,2275.9
แล้วทางเขาเองก็มีจันทร์มาออเดรตตรงนั้น 3 รอบนะครับ,2276.19,2280.04975
พวกเราแถมประชุมร่วมกันเรื่องไม่,2280.51975,2282.59975
เดินต่าง มันต้องใช้เวลาไปหมดเลย,2282.59975,2284.91075
การไปคุย,2285.61975,2286.29975
มีความร่วมมูกับ,2286.59975,2289.23
ไปสักหนึ่งที่มุมจีนนะครับก็ยังอ่อนตัวอิ่งเลยครับ,2289.74975,2293.55975
ก็คิดว่าถ้ามันขึ้นได้อย่างไรก็,2294.13,2296.387
จะมาเรียนในออกเซนติตี้เด็กครั้งหน้า,2296.387,2298.8700000000003
แต่ว่าในหลักเดียวกันเราก็มีการโอน,2299.86975,2302.76975
แล้วก็การ์ดเซิลล์ ดำรับยาหลังเด็ก ดำรับไปที่อายุทยานะครับ,2303.02975,2306.84975
ก็ฟิล์ม capacity อย่างเช่น เดล,2307.42,2309.779
ล่าพลาดเนี่ยจะผลิตอยู่ภายใต้ โรงงาน,2309.779,2312.4
ก็คิดว่าจะทำให้,2312.83975,2315.56975
ใช้ capacity มันมากขึ้นเรื่อยๆนะครับ,2315.98,2318.54975
แล้วก็สำหรับสมุดบางการตรงนี้ก็ฝั่ง,2320.5,2323.097
ยาเนี่ยใช้อยู่ที่ 100% อยู่แล้ว แล้วตอนนี้,2323.097,2325.9300000000003
ที่เป็นผลิตอาหารเสริมแล้ว ก็ยังอยู่กับทางพาเซตตี้นะครับ,2326.3,2329.49
อันนี้เราก็เลยเริ่มเปิดรับที่จะรับจ้างผลิตให้บริษัท,2329.96,2332.869
มากขึ้น อย่างปัจจุบันเรารับจ้างผลิตให้อยู่ 2 บริษัทนะครับ,2332.869,2335.96
ดูทางคายุเนี่ยน จับทาง,2336.38,2338.58
ก่อนที่จะพูดถึงการเป็นสัตว์อังกฤษนะครับ,2339.01,2341.27
ตอนนี้ก็เริ่มมีการคุยนะครับกับ ยอม,2341.92,2344.81
รับว่าเราจะรับแต่รายใหญ่ๆนะครับ,2344.81,2347.7
เพราะเราคิดว่าเราต้องจ่ายเป็นบอลลูก แล้วเราก็ต้องจ่าย,2348.34,2351.4
ให้เป็นสถานะผลิต,2351.96,2353.42
เป็นบริษัทที่มาตรฐานนะครับเราจะไม่ได้รับทั่วไป,2354.95,2358.43
รับล็อตสองรับเนี่ยเราจะรับบริษัทที่ค่อนข้างจะมีแผน,2358.79,2362.33
ในระยะยาวนะครับมีการทำการใส่กันราคา,2362.69,2365.44
ก็เชื่อว่าทั้งสองบริษัท พวกท่านก็เห็นอยู่นะครับ ไม่ว่าจะทายูเลียนหรือทาง,2365.97,2369.87
ภาวะอินโดบิกเนี่ยก็ก็มีแผนที่จะ,2370.44,2373.04
การแชร์เฉลี่ยราช,2373.48,2375.4
ตอนนี้เราคนนึง,2376.49,2377.3
คุยกับต่ออีกสองรายนะครับในการที่จะเข้ามาจ้างผลิต,2377.61,2380.85
คำถามถัดไปเบลล่าพลา,2382.8,2385.101
ที่ใช้แผ่นเป็นอลูมิเนียม,2385.101,2387.73
แพงกว่าคู่แข่งที่ใช้พลาสติกไหมครับ เราแพงกว่า,2388.61,2392.1
ตู้แข่งสมบัติกับแข่งแล้วมีอะไรดีกว่าครับ,2392.66,2396.1
ก็คือเห็นอย่างนี้ครับ,2397.26,2399.09
จริงๆแล้วในแง่ของเนื่องจากผมเองก็เป็นเภสัชนะครับ,2400.11,2403.504
 เภสัชร้อยปี มีแต่กฎประกอบทางการแท่นในเภสัชนะครับ,2403.504,2407.11
บอร์ดเราก็ไปขัดประจานถึงสองสามท่านนะครับ,2407.72,2410.26
แล้วก็เป็นทีเอชดีหลายท่าน,2410.87,2413.76
เรามีเทศกาล มีศักยภาพ,2414.09,2416.5550000000003
แพทย์ มีนักวิทยาศาสตร์อยู่,2416.5550000000003,2419.0200000000004
โดยหลักการเนี่ยมันคือเป็น Bidster's Pack,2419.74,2423.0099999999998
 เนี่ยมันจะเป็นการที่จะรักษาคุณภาพผม,2423.0099999999998,2426.2799999999997
อย่าได้ดีกว่านะครับ,2426.76,2428.16
เพราะฉะนั้นเนี่ย,2430.61975,2431.69
แต่ผมไม่สามารถจะไปพูดถึงแบรนด์อื่นได้,2432.39,2434.7419999999997
นะครับผมคือเพราะฉะนั้นเนี่ยจริงๆ แล้วอ่ะ เออ,2434.7419999999997,2437.2899999999995
ผมคิดว่า Business Pack เนี่ย,2437.58975,2438.80975
เราต้องเน้นคุณภาพไว้ก่อนนะครับ,2439.09975,2440.89
เพราะงั้นการที่เป็นพิสเตอร์แพ็คเนี่ยมันจะ,2441.19,2443.6
ถูกกับพลาสสิกแก้วที่เป็นแบบนิ่มๆอย่างเงี้ย,2443.6,2446.229
ในการเก็บรักษาความสูงด้วยค่ะ,2446.48975,2448.53975
เพราะฉะนั้นเนี่ยเราจะพบว่าการที่มันสามารถรักษา,2449.13,2452.183
คุณภาพได้ รักษาความชื้นได้เนี่ยเวลาเราถ่ายเข้าไปเนี่ย,2452.183,2455.44
มันก็จะทำให้เอ่อเอายาได้เต็มเต็มนะครับ ดู,2456.10975,2459.3917500000002
ซึมได้ดี ออกฤทธิ์ได้เร็วนะครับมันก็จะแก้ปวด,2459.3917500000002,2462.6737500000004
ประจำเดือน ปวดท่อ ปวดหุ้นได้ไม่ได้ไปกินยาแรงแรง,2462.6737500000004,2466.1897500000005
ฉะนั้นก็ต้องยอมรับว่าต้นทุนก็แพง,2467.63,2470.0550000000003
กว่านะครับ เราก็ถือว่าเราเทียบเคียงกับ,2470.0550000000003,2472.4800000000005
เปิดที่ข้างสำหรับ,2472.97975,2474.2
บริษัทข้ามชาตินะครับที่อาจจะ,2475.36975,2477.64
ที่ท่านรู้จักตีมานานนะครับ ลองมอง,2478.03975,2480.86975
เรามองว่าเราอยู่ในระดับเดียวกันกับตรงนั้นนะ,2481.21,2484.01975
เพราะว่าทั้งในแง่มาตรฐานจารย์ผลิตโรงงาน,2485.35975,2487.83275
เรา เราเป็นระดับมาตรฐานโล่งอยู่แล้วนะครับ,2487.83275,2490.52975
ผมเองอยู่กิจกรรมชาติมานานนะครับ,2490.93,2492.96975
ก็คิดว่าเราไม่ได้ได้บ่าเลย,2493.4,2495.93
สุภาพการผลิต,2497.57975,2498.78975
แล้วในแง่ถ้าเกิดจริงตอนนี้เราคิดว่าเราน่าจะดีกว่า,2499.34975,2502.13
อยากสอบถามซีลิต้ากับยู,2507.11975,2509.59975
ดูเงียบๆเราจะแก้เปลี่ยนยังไง,2509.59975,2512.38975
ต้องขอเคลียร์นิดหนึ่งนะครับ คือสิวิตาเนี่ย ถ้าเป็นสิวิตา,2512.82,2516.8120000000004
คลาเซียม สิวิตาคลาเซียมเนี่ยคือเขาจ้างผลิตอย่างเดียวนะครับ,2516.8120000000004,2520.57
การศึกษาเอกชนตลาดที่เขาเป็นคนทำหมดเลยนะครับ,2520.99,2523.55
งั้นถ้าจะเงียบลงหรือดีขึ้นก็จะขึ้นอยู่กับทางไทย,2524.23,2527.35975
แต่ก็ส่งผลกระทบกับเราได้ ทั้งเก็บเขา มันจ้าง,2527.79,2530.8
คงเงียบลง ทศบาลจ้างเราผลิตล้วนลง อันนี้,2531.19,2534.09
สำหรับนะ แต่ว่าถ้าภายใต้เป็นสัดร่วมทุนเนี่ยมัน,2534.6,2537.3759999999997
จะอยู่ภายใต้แบบที่เรียกว่า Interforma Civita,2537.3759999999997,2540.35
ปัจจุบันจะมีสองตัวหลักๆนะครับก็คือลิซ่า,2540.95,2544.31
 DHA ผมคิดว่าลิซ่า DHA ตอนนี้ดีขึ้นเรื่อยๆนะครับ,2544.31,2547.67
ทาง เอ่อ ทางเคยีนเนี่ยก็พึงพอใจกับผลประกอบการนะครับว่า,2548.26,2551.85
มันก็กำลังดีขึ้นเรื่อยๆนะครับ,2552.25,2554.15
รีซ่า DSA 600 ด้วยกัน,2554.67,2556.608
 อีกตัวหนึ่งก็คือ TrueBow,2556.608,2558.869
Turbo เนี่ย ในแง่กับทางตลาด OTC หรือ,2559.29,2562.257
 Consumer อาจจะไม่ได้รับรู้นะครับ,2562.257,2565.52
ในวิสัยทัศน์ในแผนกลยุทธ์นี้ที่ตกลงกันก็,2565.98,2568.84
คือการที่เราจะเอาไปเข้าโรงพยาบาลก่อนนะครับ,2568.84,2571.7000000000003
เพราะฉะนั้นเนี่ยการขายเราไม่ได้จะไป,2572.42,2575.127
ขายค่อนข้างเป็นว่าจะอยู่ อยู่ที่ร้านแล็บบ้าง,2575.127,2578.08
ตัวทูโบนะครับ ปัจจุบันก็เข้าไปได้อยู่ประมาณ,2578.64,2581.708
 6 โรงพยาบาลแล้วก็คลีนิกประมาณ 50 กว่าคลีนิกนะครับ,2581.708,2584.98
เรากำลังไล่ผังเข้านะครับ,2585.53,2587.29
แล้วก็พึ่งนอนสักไม่นานอยู่ที่พืช ไปเรียนอีกขั้นหนึ่งครับ,2587.6,2590.2
การจะเข้าโรงพยาบาลเนี่ยมันใช้เวลาถึงปี,2590.51,2592.65
แล้วระหว่างทางเนี่ยถ้าไม่มีคุณภาพอ่ะ,2593.5,2596.14
 มันก็จะตายไปเลยครับ,2596.14,2597.8199999999997
โอ้จุดเริ่มต้นเลยคุณต้องไปพรีเซนต์ก่อนนะครับหลังจาก,2598.32,2601.395
นั้นเขาจะขอทดลองใช้อาจจะสิบห้าเคสยี่สิบเคส,2601.395,2604.47
นะครับเหมือนเป็นไพรอทสตาร์ทดีถ้าใช้แล้ว เอ่อ คน,2605.43,2608.7329999999997
ไข้ดีขึ้นได้ผลเนี่ยมาถึงจะบู๊ปไปสเต็ปถัดไป,2608.7329999999997,2612.2899999999995
อยากจะเรียนให้พ่อเลยว่ามันมีแบรนด์,2612.99,2615.1349999999998
อาหารเสริมแบรนด์เขาใช้แบบหลายแบรนด์เลย,2615.1349999999998,2617.2799999999997
ว่าทำปกติเหมือนจะอินเตอร์ฟาร์ม่า,2618.48,2620.95
ก็อย่าไปเท่าโรงพยาบาลกัน,2621.44,2623.97
แล้วก็ไปเสนอนะครับปรากฏว่าทาง,2624.38,2626.81
แพทย์ที่ลองใช้นะครับก็ไม่ได้ผล,2626.81,2629.24
ก็ได้ไฟ,2630.12,2631.4
เพราะว่าจริงๆ แล้วมันต้องอยู่ในมาตรฐาน,2631.97,2634.5719999999997
ในการผลิตที่ค่อนข้างสูงนะครับ,2634.5719999999997,2636.7009999999996
ถ้าไม่ทาน อาจจะดูแล้วถูกกว่า,2637.21,2640.142
 แต่อาจจะไม่ได้เลย เหมือนท่านกินแป้ง,2640.142,2643.3999999999996
แล้วอาจจะมีความเสี่ยงด้วยถ้าโรงงานไม่มาตรฐานนะครับ,2644.41,2647.25
เพราะฉะนั้นสิ่งเหล่าออมมันเป็นแบคทีเรียที่มีชีวิตนะครับ,2647.61,2650.22
แล้วก็สิ่งที่น่ากลัวมาก ๆ คือสารบนเพื่อนนะครับ,2650.8,2654.27
การที่ท่านจะบำรุงสุขภาพ แต่กลายเป็นรัฐท่านเสียสุขภาพนะครับ,2654.56,2658.43
เพราะฉะนั้นเนี่ยก็เป็นสิ่งที่คนจริงๆ แล้ว,2659.27,2661.9
ต้องยอมรับว่าคุณจะทาอะไรเข้าไปเนี่ย,2661.9,2664.53
จะดูจากรูปราคาอย่างเดียวนะครับมันเป็นความอันตราย,2665.09,2667.96
ถ้างั้นสู้ไม่กินจะดีกว่านะครับ,2668.26,2670.08
ก็ สำหรับยู ก็คิด,2671.85,2674.37
ว่าก็จะไปเรื่อยๆตาม,2674.37,2677.31
การที่เรายิงเขาเสนอเนี่ยก็ทำให้,2677.65,2679.875
ฐานนะครับของการเขาเรียกว่าอะไร,2679.875,2682.1
take off แบบมันสูบขึ้นบนระดับมือนะครับ,2682.56,2685.09
เราก็ ก็ยังขายไปอยู่ในกลุ่มคนที่เขา,2685.58,2689.45
เข้าใจมีเรื่องของโปรเบติกดี รู้ว่ายาสีควันโปรเบติก,2689.96,2693.475
เนี่ยมันเป็นเทรนด์อย่างนี้นะครับ สเติร์ส google ก็ขึ้นแล้วแหละ,2693.475,2696.37
ปัจจัยบ้านเนี่ย,2696.73,2697.55
ก็,2698.15,2699.32
ก็เราก็ไม่ได้ยิงในเทอมนะครับเพราะถ้า,2700.04,2702.66
ไม่อยากให้เงียบ อาจจะต้องไปยิงโฆษณาอีก,2702.66,2705.2799999999997
อาจจะไม่เงียบนะครับก็หมดเวลาพอดีครับ,2705.68,2708.82
สิ่งที่เหลือ นี่คืออาจารย์เกือบเวลาสำหรับคำถามนะครับ,2709.47,2712.47
ก็ขอขอบคุณทุกท่านนะครับที่รับฟังแล้วก็,2713.01,2716.65
ขอให้ทุกท่านสุขภาพดีนะครับ ไปสั่น,2717.21,2719.88
แล้วก็ จะพยายามอย่างเต็มที่นะครับ มี,2719.88,2722.55
ที่จะ เอ่อ มีการเติบโตแบบ sustainable นะครับ,2722.82,2726.15
อาจจะต้องรอผลงานนิดหนึ่งครับ ในการที่เราจะเปิดโตนะ,2726.71,2730.217
ครับ เราไม่ได้เป็นกษัตริย์ที่จะทำงานแบบปีหัวเข้าบ้านนะครับ,2730.217,2733.9300000000003
ผมคิดว่าหลายๆอย่างมันจะเกิดขึ้นในระยะ,2734.55,2737.21
แล้วก็ระยะยาวครับผม,2737.73,2739.37
