start	end	text
0	19000	สวัสดีครับ สวัสดีแล้วคุณทุนทุกท่านนะครับ แล้วก็คุณสมค์ทุกท่านนะครับ
19000	25000	วันนี้ก็เป็นวัน Opsility Day นะครับ ที่ผมจะรายงานต่อบการณ์ล่าสุดนะครับ
25000	34000	เพื่อนจอร์ล่าสุดคุณไทยมาร์ด 2 นะครับ แล้วก็อัพเตรดเรื่องต่างๆของเวศกินเตอร์ฟามา นะครับ
34000	36000	โอเค ไม่เรียน
44000	46000	เดี๋ยวนะครับ โทษที
47000	51000	อย่าโทษ เริ่มการอาการเจอร์ฟัน 1080 นะครับ
51000	53000	ก็วิศัยทัดของบริษัทนะครับ
53000	57000	ก็เราต้องการเป็นผู้นำพิษฐานสุขภาพแบบครบวงจอดนะครับ
57000	61000	ทั้งของคนและของสัตว์จากต้นน้ำอย่างตายน้ำนะครับ
61000	67000	ก็ความว่าพิษฐานสุขภาพแบบครบวงจอดก็จะพูดให้ฟังนะครับว่าเป็นยังไงนะครับ
67000	71000	แล้วก็จากต้นน้ำอย่างตายน้ำเป็นยังไงนะครับ
71000	77000	สำหรับครบวงจอดนะครับ พิษฐานสุขภาพเนี่ย ในวิศัยทัดของบริษัทก็คือว่า
77000	81000	จะหมายความว่า ทั้งแต่ พี่หัวเป็นอิมิตรเองนะครับ
81000	83000	ก็คือเรื่องเกี่ยวกันตะวัตถกรรมนะครับ
83000	87000	ตอนนี้งานของผมที่ทำหลักๆก็คือเป็นการ
87000	89000	ไฟหาตะวัตถกรรมใหม่ๆนะครับ
89000	92000	เป็นการลัสสา และการป้องการโล่งนะครับ
92000	94000	แล้วก็ถัดมาเนี่ย ก็จะเป็นเรื่องของยา
94000	96000	ซึ่งปัจจุบัติมันมีโรงงานยาสองโล่งนะครับ
96000	98000	ที่ผลิตยาที่เรียกว่าเจนลิกนะครับ
98000	100000	หรือฟอมเมอร์สูติโทรที่เป็นเจนลิกนะครับ
100000	104000	แล้วก็จะมีเรื่องของหนึ่งข้าวสูติโทร
104000	106000	แล้วก็คอสเมจสูติโทรนะครับ
106000	108000	ซึ่งมันเป็นตรงกลางนะครับ
108000	110000	ระหว่างอาหารเสริมกับยานะครับ
110000	112000	ที่เรียกว่าโคชนาเทศสัตว์
112000	114000	แล้วก็ระหว่างเครื่องสมอางกับยา
114000	116000	เนี่ยก็จะเรียกว่า
116000	118000	คอสเมจสูติโทรหรือเมจสมอางนะครับ
118000	120000	แล้วก็หมายรวมถึง
120000	122000	ถึงเรื่องของเฮลตี้ฟูร์ด
122000	124000	เฮลตี้ดิกเนี่ยครับ
124000	126000	เฮลตี้สเนคนะครับ
126000	128000	แล้วก็โปสโนลแครร์เนี่ย
128000	130000	แล้วก็โปสโนลแครร์เนี่ย
130000	132000	ก็ยังอยู่ในสโคปที่ทาง
132000	134000	มีศัตรูดำเนินเทศกิจ
134000	136000	เพราะว่าผมเองก็มี
136000	138000	ความเชื่อว่า
138000	140000	ศิษฐานสุขภาพอย่างเช่น
140000	142000	อาหารเนี่ย อนาคตมันอาจจะแท็กเกิ้ลกัน
142000	144000	ตั้งแต่การที่เรารับกระทานอาหาร
144000	146000	อาหารที่เราทาน อะไรต่างๆเนี่ย
146000	148000	ก็คนก็จะเริ่ม
148000	150000	อาหารที่ทางจะต้องปลอดภัย
150000	152000	แล้วก็ดีต่อสุขภาพ
152000	154000	หรือทั้งเครื่องดื่ม
154000	156000	ทั้งของอาหารได้ด้วยแล้วครับ
156000	158000	พูดถึงฟอร์มอฟฟิริโคล
158000	160000	อันนี้ก็จะเป็นตัวอย่างของยาที่
160000	162000	โรงงานเราผลิต
162000	164000	จากทั้งสองโรงงานนึงครับ
164000	166000	ที่สมบัติประกาศที่ไทยใต้ชื่อไปสับย้อย
166000	168000	ที่ชื่อว่า Modern Pharma
168000	170000	แล้วก็โรงงานที่ชื่ออินเตอร์ฟอร์มา
170000	172000	ที่อยู่ศึกษยา
172000	174000	ที่อยู่ที่สมบัติศาสตร์กำลักษณะ
174000	176000	2 นะครับ อย่างเช่น
176000	178000	ซิมเมคก็เป็นยารถไขมัน
178000	180000	เมษฟอรินก็เป็นยาประหว่าง
180000	182000	ซิมซิมก็คือยาแท้แท้แบบไม่ง่ว
182000	184000	อัลโรทัพก็เป็นยาแท้แท้แบบไม่ง่ว
184000	186000	อีกกลุ่มหนึ่งนะครับ
186000	188000	ซึ่งสองกลุ่มนี้ก็เป็น
188000	190000	ประชาชนแท้ก็จะใช้กันอยู่
190000	192000	มันก็เป็นยารัศาสตร์โรคเลิศนะครับ
192000	194000	ข้างน้ำขวางก็จะเป็นโดยอย่างของยา
194000	196000	ที่ผลิตที่สมุดฝากการนะครับ
196000	198000	ปัจจุบาลเมียศาสตร์
198000	200000	ตัวเนี้ย เราก็มีแผนนะครับ
200000	202000	ในการที่จะทำให้มันเป็น OTC แปรนนะครับ
202000	204000	ที่จะเป็นยาที่
204000	206000	ใช้กันอย่างห้าหลายในร้านขยา
206000	208000	อย่างเช่น
208000	210000	เบลลาฟาลาน เป็นยาสามารถ
210000	212000	ประจำบ้านนะครับ
212000	214000	ที่เราเพิ่งขอตอบ
214000	216000	ก็ส่วนโรงงานอายุทยา
216000	218000	เราก็จะผลิตที่
218000	220000	น่าจะเป็นยอดของคนอีกนิดนะครับ
220000	222000	ที่เป็นกลุ่มที่เรียกว่ายาตานะครับ
222000	224000	ซึ่งยาตานะครับ
224000	226000	ก็อย่างที่เคยเรียนกันบางคืนหลาย ๆ ครั้งนะครับ
226000	228000	เพราะว่ายาตานะครับ
228000	230000	ในวงไทยมีโรงงาน
230000	232000	ที่สามารถผลิตยาตา
232000	234000	ได้ไม่กี่โลมนะครับ
234000	236000	คิดว่าถ้าเป็นผลิตในประเทศ
236000	238000	โรงงานอายุทยา
238000	240000	น่าจะเป็นอันดับหนึ่ง
240000	242000	แล้วนั่นก็จะเป็นสิ่งขาดนำเข้านะครับ
242000	244000	เราก็ผลิตในมาตรฐาน
244000	246000	อันดับโลกนะครับ
246000	248000	ที่กลุ่มนี้ก็เลยยังเป็นที่ทางเทวา
248000	250000	หรือศัตรูยาดับหนึ่ง
250000	252000	ของอิสระเอลนะครับ
252000	254000	แล้วก็เป็นยาเจนลิก
254000	256000	นี่ก็จะเป็นตัวอย่างนะครับ
256000	258000	ภาษณา
258000	260000	ที่ จริงๆ เราเป็นคลิปนะครับ
260000	262000	แต่เข้าใจว่า
262000	264000	นี่ก็จะเป็นตัวอย่างนะครับ
264000	266000	นี่ก็จะเป็นตัวอย่างนะครับ
266000	268000	นี่ก็จะเป็นตัวอย่างนะครับ
268000	270000	นี่ก็จะเป็นตัวอย่างนะครับ
270000	272000	นี่ก็จะเป็นตัวอย่างนะครับ
272000	274000	นี่ก็จะเป็นตัวอย่างนะครับ
274000	276000	นี่ก็จะเป็นตัวอย่างนะครับ
276000	278000	นี่ก็จะเป็นตัวอย่างนะครับ
278000	280000	ภาษณา
280000	282000	ที่ จริงๆ เราเป็นคลิปนะครับ
282000	284000	แต่เข้าใจว่า
284000	286000	ไม่แน่ใจว่าจะ
286000	288000	เปิดไม่ได้นะครับ
288000	290000	กวนกฎลิงรษมไป
290000	292000	เป็น เป็น PDF ฟายนะครับ
292000	294000	นี่เราก็จะมาด้วย
294000	296000	โปรดช่อ euchนิ้งเรื่องของการ
296000	298000	รสไขลลับกรบรนภาพการปวดทั้ง 7
298000	300000	นะครับ
300000	301840	เราจะเห็นว่ายาแ Hitler  baru อย מ.
301840	305680	อย่างนึกแค่ว่าปวดหัว  swapで 그러면ấtั่ง awakening sempan
306800	308800	ก่อมาจากการปวดหัว ถ้าพ้นให้รอจาก 7 ปุ่น
308940	312180	การปวด มัวถ้า contemporary
312240	314640	ก็คงต้อง因為 เขาเกิดข้อใจเก่งุ่บถม
316480	320000	ating sempan มาสักเมื่อ imper propio
320000	320800	ก่อสurenca ก็ENN-T★
320920	324140	ก็ต้องขอ consistency ส polished สร้างอังกฤษหนัง
324140	326360	จะapper p.s. ตอนนั้น ต้องจะออก ในตัวamientos  ersto
326360	331860	หัวปวดประชำเดือน ปวดหลัง
334860	339860	ปวดหัวปวดหลัง ปวดฟัน ปวดข้อ ปวดก้ำเนื้อ ปวดประชำเดือน ปวดเว้จักษ์ไข่หวาน
340360	345360	ปวดหลัง ปวดข้อ ปวดเว้จักษ์ไข่หวาน
345360	348460	โปรดเทรด และก็ล้างใส่ยาโด่ใฝ่
348460	352120	อันนี้เราก็คิดว่าเราจะจ่ายได้อยู่ประมาณ ซับ 4,000 ล้านชา
352120	356020	เราพยายามจะขยายให้พบ 10,000 ล้านชา
356020	371320	และของนี้เราก็ป
371320	376320	มีโปรแบคเซเว่นท์ที่คุณมันคัตเตอร์ยาน เอ็งคอร์ส
380320	383320	ในกลุ่มนุษย์คาวซูดิโทร เราก็เหมือนเดิม
383320	387320	ผลับโดยทงโลก จะมีตั้งแต่โปรแบคฟรีโบล วิตามินร่วมต่างๆ
389320	392320	แล้วก็อย่างที่ทุกท่านทราบนะครับ
392320	396320	ว่าโปรแบคของเราเนี่ย ก็ยังเป็นยอดแข่งอันดับหนึ่งในร้ายใจยา
396320	400320	แล้วในโรงพยาบาลก็เป็นอันดับหนึ่งนะครับ ในเนี้ยของกลุ่มเซ็ตคันโปรโกยอติกนะครับ
402320	406320	ก็... นึงจากว่าก็จะมีผู้ชายคันอยู่อย่างแค่หลายนะครับ
409320	413320	สิ่งที่เรา... รอเห็นไหมครับ ว่ามีตัวสีแรงเนี้ย
413320	417320	คือว่า บอลระหว่างสิ่งชาพฟอมแล้วเล่นแบบ
417320	421320	และโปรแบบเนี้ย ผมเองก็มาจากเน็บว่า
421320	425320	ว่า วิธีโปรโกยอติกจังชุบัลในของดาบีข้าง ๆ เยอะนะครับ
425320	429320	แรงแรกก็จริง ตอนนี้ก็น่าจะมีเป็นร้อยขนิดตะผัดเนี่ย
429320	433320	แต่ก็เพราะว่า ผมเองก็จะเน็บว่า คนจะใช้ตัวที่
433320	437320	คันอันดับผักการทางแพร่ ไม่ว่าจะแพร่เป็นสัตว์สกอลเนี่ย
437320	441200	และก็น่าจะเป็นแบบตัวที่ขายอยู่ในโรงบ้าน
442060	445020	และตัว adapter ทรีนิคชั้ฟdistненияนั้นนะครับ
445020	465320	ทรีนิคชาลาว Imma
465320	471320	ก็เป็นไทยใต้แปลงที่ชื่อว่า TSOMOS, U-MOS, แล้วก็ U-TOOL-PACED นะครับ
472320	476320	อันนี้ก็ยังสิกว่า ตอนเราก็คือเป็นแปลงเดียวที่เรา
477320	482320	อันนี้เขาต้องได้อันวัจฉาเอาหย่อนะครับ ว่าฟกจบในหลอดเดียวนะครับ
482320	486320	เป็นได้โปรดิสิตของเราแขนศึกกุรุณาการแปลกประโยชน์นะครับ
486320	494320	ก็ได้ทุกๆด้านนะครับ ว่าจะฟันเฉา กินปากนะครับ ลดค่าพัด ลดค่าผินปูนนะครับ อะไรต่างๆ
495320	500320	จริงๆแล้วในแรกของการวิจัยเนี่ย ในแรกของเฟเปอร์ ปราบิเคชั่นต่างๆเนี่ย
501320	508320	แนวโนศนะครับ ถ้าเราถามธนาแพรนเนี่ย ก็จะมีปฏิบัติกับการใช้โปรดิสิตเนี่ย เป็นอิยาสิฟันมากขึ้นเรื่อยๆนะครับ
508320	512320	เราก็อยากจะเรียนม้ย ๆ  responsive ของเรานี่เป็นสุขที่สักครั้ง  qualité นะครับ ลงใส่สายฟันไม่มาก รสชาติอ่อนmodal มาสร้างสมอิร momento in the mouth
521320	532840	จริงๆ แล้ว plays back in bait, the residence the home Tim ноแกรнดล์เชียะ คนนี้ ไม่ถึงöst dusk genausoมีถึงมาสร้าง Hasik and devil
532840	535840	เพราะว่าช้องปากที่ดีเนี่ย เป็นพื้นอาหารนะครับ
535840	539840	ในการที่จะมีชีวิตที่ยิ่งยาว แล้วก็ชลอไว้นะครับ
539840	542840	แล้วครับ รอจากตำไส้ แล้วปากก็จะเป็น
542840	545840	เริ่มต้นต้นการรับอาหารอาหาร
545840	550840	แล้วก็ตลอดทั้งเดือนอาหารที่ดีเนี่ย ก็จะทำให้สุขภาพดีนะครับ
550840	553840	แล้วก็ตัวนี้ ที่เราคิดว่าเป็นแนววัตถกรรมนะครับ
553840	557840	ซึ่งอยู่ใต้ใต้ประสาท JV ระหว่าง Interforma กับ Thayunian นะครับ
557840	561840	ฮัน Interforma ถึงคุณ 51% ฮัน Thayunian ถึงคุณ 49% นะครับ
561840	563840	ชื่อ Interforma สิบิตา
563840	567840	ตอนนี้เราก็หลังจากเรา ลองทดลองกล่าหลาดต่างๆ
567840	573840	ก็คิดว่าน่าจะถึงเวลาที่เราจะเริ่ม ความการณ์ที่จะให้คนรู้จักแค่ไหลนะครับ
573840	576840	ก็มี DSA ถึง 600 มิลิตรัมนะครับ
577840	581840	เราก็คิดว่าตัวเนี้ย จริงๆเราเป็นวัตถกรรมมากนะครับ
581840	584840	ผมเองก็ถ่ายทุกวัน ให้คุณแม่ถ่าย ให้คุณยุ่งถ่ายเนี่ย
584840	589840	เพราะเพราะว่าจริงๆเรา ภิษฐานลมในท้องตลาด
589840	592840	ไม่มี DSA ได้ถึง ไม่เกิดแค่ 100 กว่า มิลิตรัมนะครับ
592840	595840	600 มิลิตรัมเนี่ย แค่เกี่ยวกับการปลาถึง
595840	599840	เราจะเก็บ DSA 600 มิลิตรัมต้องผ่านปลาถึง 20 ปีโลกนะครับ
599840	602840	เนี้ยก็มาด้วย position 20 ปีโลกนะครับ
602840	605840	แล้วก็อยากให้เรียนว่า โรงงานยุภยาเนี่ย
605840	608840	ตอนนี้เราก็ทำเนี่ยปีที่แรก 2022
608840	611840	เนี่ยเราจะปรากให้เป็น EU สตาร์ดนะครับ
611840	614840	เป็นสตาร์ดระดับโลก สามารถจะส่งออกไปทั่วโลกได้
614840	617840	เรากำลังทำยาตานะครับ ซึ่งเป็นไพลน์ของโลกนะครับ
617840	620840	เพราะว่าปฏิบัติเดียว คนจะเป็นโลกตากันข้างๆมานะครับ
620840	623840	แม้ว่าเด็กที่จะเป็นใส่ตาสั้น คนแก่มากขึ้น
623840	626840	ก็จะมีใส่ตายามมากขึ้น มีต้อประจอกมากขึ้น ต้อหินมากขึ้น
626840	629840	ตากเศษมากขึ้นนะครับ
629840	632840	แล้วก็นี่ครับ ก็คิดว่าน่าจะร้อนสุดได้นะครับ
632840	635840	แล้วก็เราก็มีแผนนะครับ ที่เราก็จะทำไปสู่ยาสมุนไทยแบบโมเดินนะครับ แบบสมัยใหม่
635840	638840	แล้วก็มีแผนที่จะทำยามอง ยาดม ลูกอมสมุนไทยนะครับ
638840	641840	เนื่องจากว่าโรงงานสมุนประการ เราได้รับบัญญาณในการผลิตเป็นแผนสมุนไทยแล้วนะครับ
641840	644840	สมุนไทยก็เป็นเหนืองของโลกนะครับ
644840	647840	แล้วเราก็คิดว่าน่าจะร้อนสุดได้นะครับ
662840	665840	เราก็คิดว่าลูกอมก็เป็นลูกอมที่มีแปลกต่างกับบัญษาอาการไอได้นะครับ
665840	668840	เราก็คิดว่าลูกอมก็เป็นลูกอมที่มีแปลกต่างกับบัญษาอาการไอได้นะครับ
668840	671840	เราก็คิดว่าลูกอมก็เป็นลูกอมที่มีแปลกต่างกับบัญษาอาการไอได้นะครับ
671840	674840	แล้วเราก็คิดว่าน่าจะร้อนสุดได้นะครับ
674840	677840	แล้วเราก็คิดว่าน่าจะร้อนสุดได้นะครับ
677840	680840	แล้วเราก็คิดว่าน่าจะร้อนสุดได้นะครับ
680840	683840	แล้วเราก็คิดว่าน่าจะร้อนสุดได้นะครับ
683840	686840	แล้วเราก็คิดว่าน่าจะร้อนสุดได้นะครับ
686840	689840	แล้วเราก็คิดว่าน่าจะร้อนสุดได้นะครับ
689840	692840	แล้วเราก็คิดว่าน่าจะร้อนสุดได้นะครับ
692840	695840	แล้วเราก็คิดว่าน่าจะร้อนสุดได้นะครับ
695840	698840	แล้วเราก็คิดว่าน่าจะร้อนสุดได้นะครับ
698840	701840	แล้วเราก็คิดว่าน่าจะร้อนสุดได้นะครับ
701840	704840	แล้วเราก็คิดว่าน่าจะร้อนสุดได้นะครับ
704840	707840	แล้วเราก็คิดว่าน่าจะร้อนสุดได้นะครับ
707840	710840	แล้วเราก็คิดว่าน่าจะร้อนสุดได้นะครับ
710840	713840	แล้วเราก็คิดว่าน่าจะร้อนสุดได้นะครับ
713840	716840	แล้วเราก็คิดว่าน่าจะร้อนสุดได้นะครับ
716840	719840	แล้วเราก็คิดว่าน่าจะร้อนสุดได้นะครับ
719840	722840	แล้วเราก็คิดว่าน่าจะร้อนสุดได้นะครับ
722840	725840	แล้วเราก็คิดว่าน่าจะร้อนสุดได้นะครับ
725840	728840	แล้วเราก็คิดว่าน่าจะร้อนสุดได้นะครับ
728840	731840	แล้วเราก็คิดว่าน่าจะร้อนสุดได้นะครับ
731840	734840	แล้วเราก็คิดว่าน่าจะร้อนสุดได้นะครับ
734840	737840	แล้วเราก็คิดว่าน่าจะร้อนสุดได้นะครับ
737840	740840	แล้วเราก็คิดว่าน่าจะร้อนสุดได้นะครับ
740840	743840	แล้วเราก็คิดว่าน่าจะร้อนสุดได้นะครับ
743840	746840	แล้วเราก็คิดว่าน่าจะร้อนสุดได้นะครับ
746840	749840	แล้วเราก็คิดว่าน่าจะร้อนสุดได้นะครับ
749840	752840	แล้วเราก็คิดว่าน่าจะร้อนสุดได้นะครับ
752840	755840	แล้วเราก็คิดว่าน่าจะร้อนสุดได้นะครับ
755840	758840	แล้วเราก็คิดว่าน่าจะร้อนสุดได้นะครับ
758840	761840	แล้วเราก็คิดว่าน่าจะร้อนสุดได้นะครับ
761840	764840	แล้วเราก็คิดว่าน่าจะร้อนสุดได้นะครับ
764840	767840	แล้วเราก็คิดว่าน่าจะร้อนสุดได้นะครับ
767840	770840	แล้วเราก็คิดว่าน่าจะร้อนสุดได้นะครับ
770840	773840	แล้วเราก็คิดว่าน่าจะร้อนสุดได้นะครับ
773840	776840	แล้วเราก็คิดว่าน่าจะร้อนสุดได้นะครับ
777840	780840	พูดถึงตอนนี้ โรงงานยุทยาปัจจุบัน
780840	783840	แล้วก็จะฟิลปราศิติได้มากที่เรื่อยๆ
783840	786840	จากอย่างนี้ เราก็จะไปคุยกับทันเนอร์ชิฟต์เพิ่มนะครับ
786840	789840	จึงก็ยังเป็นออนโกยิ่งโปรเซนต์อยู่เรื่อยๆนะครับ
789840	792840	จึงก็ยังเป็นออนโกยิ่งโปรเซนต์อยู่เรื่อยๆนะครับ
792840	795840	ยังไงของปายน้ำปัจจุบันเนี่ย
795840	798840	เราก็มีการขยายเพิ่มอีก 7 สาขา
798840	801840	ในปีนี้ก็เป็น 27 สาขานะครับ
801840	804840	แล้วก็ที่ว่าถึงซิ้งปีน
804840	807840	เบ้าจริงๆเรา 35 สาขา
807840	810840	แต่นั่นจะจบที่ประมาณ 30-31 สาขา
810840	813840	เพราะว่าหลายๆที่เนี่ยก็
813840	816840	อาจจะแรงหลอดยังทำไม่เสร็จ ยังไม่ส่งคุณพี่นะครับ
816840	819840	แล้วก็เรื่องของการที่จะต้องได้รับไป
819840	822840	หรือยาๆก็ต้องใช้เวลาด้วยค่ะ
822840	825840	การยืมของอ.ย. ในการจะเปิดร้านยา
825840	828840	นะครับ
828840	831840	ก็ อันนี้ก็จะเป็นสาขาใหม่ๆ
831840	834840	ที่เราจะเปิด Little Walk นี่ครับ
834840	837840	ที่เพิ่งเปิดไปเมื่อวันพุทธ
837840	840840	ก็คือวันวาด 0 นะครับ วันที่ 27 จันยา
840840	843840	แล้วตอนนี้ก็เป็นสาขาที่
843840	846840	น่าจะ 28 นะครับ เป็นสาขา 28
847840	850840	แล้วก็จะมีสาขาใหม่มืดที่ accomplished
850840	853840	เปิดด้วยกับอ.อ นะครับ
853840	856840	อยู่ศักดีน겠다ทอร์
856840	859840	ก็ต้องจะเปิดอีกสองสาขา
861840	864840	จะเป็นสาขา Factchipt ของเฝ้าทอร์
864840	867840	อยู่ที่ electroni polynomial
867840	870840	นี่lly จะเป็นสาขาบนแบบ
870840	872840	ของศักดีนМ Parter
872840	875840	เหมือนAA mountain
875840	879220	อีกสารคารหนึ่งจะอยู่ที่เหล่าแผน
879220	884380	เพราะแผนที่จะเปิดรวมกันก็จะอยู่ประมาณ 12 ฝัดครับกับปี
884380	891680	เขาก็จะมีใต้ใต้ความร่วมอื่นในรวมแบบอื่นๆเพิ่มเติมเลยนะครับ
891680	894060	แล้วก็โรงบ้านนักคอนทัดนะครับ
894060	898040	นักคอนทัดที่N Stefan Thamrla ประจำบันก็กำลังอยู่รีโนเวนนะครับ
898040	900740	ถ้าท่านได้ลงไปที่นักคอนทรีศนธ estáนมาก
900740	908040	กำลังรีโนเวทร wholesaleยังก็อย่างนี้ facing ห้ามจากรอบรีโนเวม แล้วเป็นโรงบาร parties และมล history
908040	913240	begins for รวมกันมากกว่าแบบ สรวดความก่อเลยหน๊าaps ห้ามทางไป 比如วั senior ตะกอล อย่างอัมบุษย์แล้ว
913240	919520	กำลัง advantages บอกไม่กว่าของเด็ก  contreอย่างยอด ในยaceutical Monstrous App
919520	930120	ic อีกคือก DCMก็เห็นแบบนđ 妈จักรณ์ ucken다는 มูลเก่า casing มัน Cultural
930120	933120	แล้วก็เรียกแบบนี้ของ เอฟเวอติก เรื่องความงาม
935120	938120	ส่วนชวนฟูตสุขภาพ การได้ยินนะครับ
938120	941120	Beauty Center นะครับ ข้ามสลายนะครับ
942120	946120	แล้วก็ ปีที่แล้วนะครับ อยากกันว่าเราก็ได้
946120	949120	เฟสอวอร์ด เรียกแบบนี้ของ Innovative
949120	952120	เป็นเกษตรที่มีนวัตถกรรมนะครับ
952120	954120	ใหม่ๆ เพื่อฉะนั้นเรื่องของโปรเวอติก
954120	956120	เราก็ยังเป็นผู้นำอยู่
957120	960120	แล้วก็อย่างที่เรียนตั้งแต่เทียดมากที่แล้วนะครับ
960120	973420	ป
975120	978120	ตอบหมายของประเสริษก็ยังเหมือนเดิมนะครับ
978120	981120	เนี่ย อันนี้ก็อาจจะยังไม่อัปเตรต
981120	984120	เพราะว่าเรากำลังเริ่มทำแผนของ 5 ปีทั้งนั้น
984120	986120	คือ 2024-2028
986120	988120	จะมีการลีวิวว่า
988120	990120	และว่า
990120	992120	สิ้นมารอบ 5 ปี
992120	994120	สำหรับจะมีการเปลี่ยนแพง
994120	996120	แล้วก็
996120	998120	เออ
998120	1000120	เออ ตอนนี้
1000120	1002120	เรายังตามแผนมีเรื่องอะไรใหม่
1002120	1004120	เราอาจจะต้องปัดแผน
1004120	1006120	ที่บางอย่าง
1006120	1008120	ไม่เวิร์ก เราอาจจะเอาออกไป
1008120	1010120	หรือว่ามีอะไรใหม่
1010120	1012120	เพราะที่ข้ารู้ว่าโลกมันเปลี่ยนแพง
1012120	1016120	ตอนนี้เราก็เจอการลีวิศิตรแผน
1016120	1020120	เราก็เพิ่งประชุมการเทียมแมนเจอร์กันไปเมื่อสัปดาห์ที่แล้วนะครับ
1020120	1024120	เป็นการที่เดวลอคแผน 2024-2028
1024120	1028120	5 ปีช่างหน้านะครับ
1028120	1032120	จริงจริงแล้วทางนึงจะพูดถึงพวกเรา
1032120	1036120	ก็คือทางปอตเตอร์ ๆ ไปใต้เวียดศัตรูโนเกอร์เกย์เชียน
1036120	1040120	ก็ได้มีการริเวสต์กับทางอินเตอร์ฟามาร์บันกัน
1040120	1044120	ว่าอยากได้เป็นแผน 15 ปี
1044120	1048120	เราก็ได้มีการทำแผน 2024-2038
1048120	1052120	เพราะ 15 ปีข้างหน้าเราจะมีพัฒนาการ
1052120	1056120	ในเรื่องเลือกต่างๆ ซึ่งก็ถูกต้องนะครับ
1056120	1060120	เพราะว่าไม่ว่าจะเป็นธรรมกิจน้ำมันหรือธรรมกิจยา
1060120	1064120	ก็จะใช้เวลาของสำคัญนะครับ
1064120	1068120	ในการจะขึ้นธรรมเกียร์ ในการจะเทคโนเวียดศัตรูแทนเฟอร์
1068120	1072120	ในการจะขัดแทนแรง ในวัตกรรมสุดท้องข้อหมายของบริษัทในระยะยาว
1072120	1076120	อันนี้ก็เป็นข้อความนะครับ
1076120	1080120	ตอนนี้สำหรับปัจจุบัน ตอนนี้ตายมาส 3 เรายังไม่ได้ปิดนะครับ
1080120	1084120	ข้อมูลธรรมการทั้งนั้นล่ะสุดก็ยังเป็นตายมาส 2
1084120	1088120	ก็คือหลายทั้งปงศาปดีนะครับ
1088120	1092120	จากที่เราเปิดแจ้งตลาดไปแล้วนะครับ
1092120	1096120	ก็อยากจะพูดถึงว่า
1096120	1100120	จริงๆแล้วตายมาส 1 เนี่ย จะอยู่ประมาณ 400 กว่าน
1100120	1104120	แล้วก็กำลังประมาณ 40 กว่าน แต่ก็ยอมรับนะครับว่า
1104120	1108120	ของเราปีนี้นะครับ อย่างที่ได้เรียนไปนะครับ
1108120	1112120	ก้าวสอง สาม สือว했던ๆ EZ  povo these day
1112120	1116680	ออกกำลัยที่ได้ไปใช้ปีนักแสงบร��
1118120	1122120	ถ้าคึกยังเส้นเมลาพลาหลาด
1122120	1124120	ก็ลาฟริฟ้าโย่ล
1124120	1128120	ก็โพแบกนี้ คือประจ מק zwei ตาย ป่ mente
1128120	1132120	ก็มีเหต file พร้อมกัน ?"
1132120	1136120	แล้วก็เรายอมรับหยังนึงว่าเราจะเป็นที่
1136120	1139060	ตรงแต่ว่าสร้างแบรกก็เหมือนสร้าง like an integer asset
1139120	1141120	แต่ว่าในเชื่อfeit için และการเงินเนี้ย
1141160	1143040	จะสร้างค่ายใช้จาAD
1145040	1146280	asks of final answer
1148700	1149740	rí repair
1149740	1150680	record
1150680	1154040	incor
1154040	1155260	es
1155260	1157100	wy
1157100	1158340	closes
1158340	1159020	อร่อยแค่สั้นดี
1159020	1159960	และเว��ค่าย
1159960	1160420	คือ
1160420	1162560	Trust
1162560	1165560	แล้วเราก็ยังอยู่ในช่วงที่จะเป็นการลงทุนนะครับ
1165560	1169560	ในต้นต่างๆ ไม่ว่าจะการปรุงโรงงานเป็น EU สตานดาบ
1169560	1172560	การขยายสักขาดของร้าน Lab Pharmacy
1172560	1175560	การปรุงโรงงานพยาบาลให้เป็นรัฐฐาศาสตร์
1175560	1177560	เพื่อลองรับระยะยาว
1177560	1180560	การที่จะสร้างแบนผลิตภัณฑ์ใหม่ให้
1180560	1184560	ให้ปรุงให้พวกรับรู้มากขึ้น
1184560	1187560	เพราะฉะนั้นอย่างกับการณีใต้มาร์ด 2 เนี่ย
1187560	1190560	ถ้าจริงๆแล้ว ถ้าเราเอา
1190560	1193560	ข้ายแฉะในภูมิสนากลับเข้าไป
1193560	1195560	จริงๆแล้วอะไรได้
1195560	1198560	โดยเฉพาะความรายนี้ น่าจะไม่ได้แตกต่างจากใต้มาร์ด 1
1198560	1202560	แต่พอเรามีการเอาเงินความรายประสวนไปอีกภูมิสนา
1202560	1205560	ก็จะทำให้ความรายมันลงไป
1205560	1208560	ใต้แฉะในภูมิสนาที่เราเอาไปใช้นะครับ
1208560	1211560	น่าจะ coup มัน เหรอครับ
1211560	1214260	แล้วก็ส่วนใต้มาร์ด 2  kitaเห็นว่า revenue เนี่ย
1214260	1218340	ต่ำกว่าใต้มาร์ด 1 ก็�ึงจะว่าใต้ต่get
1218560	1222560	จะมียอทของการจ้างผลิตของเทวา
1223560	1226560	กัน้อยจ้างผลิตของเม Tuesday landscaping
1226560	1234560	พ kcare Friday
1234560	1238340	เป็นแน่ของฮอคพลายหรอ ราย다จะอ sj นное
1238440	1243260	นี่ quindiถ่ายไปจากการที่ไม่มียอดข้างจ web port ในhhhh
1243340	1260100	สนที่iveso ขอบควนครั้งเยอะในที่ให
1261100	1264100	ได้ยิน หรือไม่ได้ยัน
1267100	1271100	นั่นคือ ทุกอย่างที่ENT ค้treyกับตอนที่
1272100	1276100	คุ้้มของ 원래เหมือนอิทัย
1277100	1280100	บรรยายธรรมอิทัย
1281100	1285100	ถึงเวลาจากจะเหรียนดล crew
1286100	1288100	ของข Industries
1288100	1292100	ของคนก็จะมากขึ้นนะครับ
1292100	1296100	แต่กันที่เรามีร้านแหลบ ซึ่งเป็นร้านขายาเฉพาะสำหรับคนนะครับ
1296100	1303100	เราก็จะเห็นว่าสักส่วนของสำหรับคนเนี่ย เป็น 67.5% นะครับ
1303100	1308100	รักษาเนี่ยอยู่ประมาณ 20% แล้วก็โรงบาลเนี่ยประมาณ 12.7% นะครับ
1309100	1318100	ถ้าเกิดในแรกของมองนี้ 6 เดือนนะครับ ก็ลายได้ก็เกิดตรง 35% นะครับ
1318100	1325100	แล้วก็ถ้าไปฟิกเน่นนะครับ ในแรกเมื่อกี้มันเป็นลายใต้หน้าสองนะครับ
1325100	1334100	ฟิกเน่นก็จะเห็นว่าของคนก็จะอยู่ที่ 69% นะครับ
1334100	1340100	แล้วของสักจะอยู่ที่ 19% และก็โรงบาลเนี่ย 12% principles
1340100	1345100	aikos profit นะครับ บรรยายธรรมั analysis
1345100	1352100	ทикуเหจะเห็นrantat  widening
1352100	1360100	ที่ประมาณของแนอศัตรูไปก็ 36 Twitter
1360100	1364100	ก็ใกล้ 11.2 ไม่ใช่ 11.4 นะครับ
1364100	1368100	ของสัตว์เนี่ย 36 เป็น 38% นะครับ
1368100	1370100	แล้วจริงๆ เราก็จะเห็นว่า
1370100	1372100	การอัตรายกำลังข้างก้มเนี่ย
1372100	1374100	ก็ยังอยู่ในใกล้เคียงเดิม
1374100	1376100	อยู่ด้วยพรุ่งกระเดิมเล็กน้อยนะครับ
1376100	1378100	แต่ว่า ปัญหาก็จะอยู่ที่ว่า
1378100	1380100	การใช้ตัว operating expense นะครับ
1380100	1384100	ที่จะเป็นตัวที่จะกระทบ net profit นะครับ
1384100	1386100	แล้วครับ เนี่ย % GT นะครับ
1386100	1390100	เราก็จะอยู่ใกล้เคียงข้างๆเดินนะครับ
1390100	1392100	แต่ว่า เราจะเห็นว่า
1392100	1394100	failing and administrative expense เนี่ย
1394100	1396100	ใต้หน้า 2 ก็จะกระดกขึ้นมาเลยนะครับ
1396100	1401100	จาก 27 ใต้ใต้หน้า 1 จะเป็น 33% นะครับ
1401100	1404100	แล้วก็ ในสำหรับฮาม 1
1404100	1407100	ก็จะจาก 29 เป็น 30% นะครับ
1407100	1411100	แล้วตอนนี้ net profit จะเลยทำให้เตรียมหน้า 2
1411100	1413100	จะเหลืออีก 3.2%
1413100	1415100	จากแรงที่เราเอาเงินไปยิงภาษณา
1415100	1417100	ในหลายๆ แบรนด์นะครับ
1419100	1421100	ก็ ครับ
1421100	1423100	ก็เลยขอเวลาที่เหลือนนะครับ
1423100	1426100	ก็จะเป็นช่วงของคำถามสำตอบนะครับ
1426100	1427100	CNA นะครับ
1427100	1431100	ก็จำได้ว่า ใน opposite day คราวที่แล้ว
1431100	1433100	ก็ต่อไม่ทันนะครับ
1433100	1435100	เพราะมีความถามนะครับว่า
1435100	1437100	จากก็ขอขอบคุณคุณนะครับว่า
1437100	1439100	หน้าประชุมบาทเนี่ย
1439100	1441100	รุกฤติร้านขยาที่เป็นหลายใหญ่
1441100	1443100	เริ่มเข้ามาแข่งมากขึ้น
1443100	1445100	เช่น Dr. Pharma ของคอม 7
1445100	1449100	ก็ถึงรุกฤติร้านขยาของ 7 Eleven ที่ลุกเหมือนกัน
1449100	1451100	แล้วก็หน้าจอก
1451100	1453100	ไม่ใส่
1453100	1455100	ไม่แน่ใจ
1455100	1457100	ผู้ไปหา
1457100	1459100	มองเรื่องนี้ยังไม่ได้
1459100	1461100	และมีวินิการให้จัดการ
1461100	1463100	กับเรื่องนี้ยังไงบ้าง
1463100	1465100	Hawaii  haya นะครับ
1465100	1467100	ritbh
1467100	1469100	ก็
1469100	1471100	können
1471100	1473100	ก็
1473100	1475100	นะ這個
1475100	1477100	leuk
1479100	1484100	คุณ จะซ่อนของ
1484100	1488100	ภูมิ SD dev
1488100	1491600	การเปิดที่พัฒยาสองสาขา
1491600	1495600	ที่ปุกเก็ต 3 ถึง 4 สาขานะครับ
1495600	1498600	ก็จะเป็นการขยายสาขา
1498600	1500600	คือคือ ธุรกิจหลักฟอร์มเมสีจริงๆ
1500600	1502600	ก็ยอมรับอย่างนึงว่า
1502600	1504600	ถ้าชึดแข่งเนี่ย ก็จะมีเรื่องของการ
1504600	1507600	ที่ B แปรงนะครับ เพราะทำมา 27 ปีนะครับ
1507600	1509600	แล้วในแง่ของความน่าเชื่อถือ
1509600	1511600	ก็คิดว่าอยู่ในระดับต้นต้น
1518600	1521600	ซึ่งตอนนี้เรา B บวบขึ้นไป อะไรต่างๆ
1521600	1523600	นี้เราก็เลยมีการที่เราขยายไปสู่
1523600	1526600	การที่ไปตั้งสาขาในซูเปอร์มาเก็ต
1526600	1528600	ในแหล่งต่างๆนะครับ
1528600	1530600	แล้วก็แผนจริงๆ แล้วเราก็มีการทำ
1530600	1532600	แผนโกรยุตกันเนี่ย
1532600	1534600	ก็มี 7 โกรยุตหลักนะครับ
1534600	1536600	ซึ่งก็คิดว่าเราจะดี
1536600	1538600	วันดีคืนขึ้นเรื่อยๆนะครับ
1539100	1542100	ผมเองก็เชื่อมันว่าแหลกฟอมมัสีจะดีขึ้น
1542100	1545100	ถ้าท่านดูผลประกอบการณ์
1545100	1547100	เฉพาะแหลกเนี่ย จะเห็นว่าทั้งไหลด้าน
1547100	1549100	แล้วก็สมัยก็ดีขึ้นเรื่อยๆ
1551100	1553100	ก็จะมีหลายๆ โกรยุตนะครับ
1553100	1555100	แม้ว่าจากการขยายสาขา
1555100	1558100	การที่จับมือกระทาน O R นะครับ
1558100	1561100	ในการที่จะไปเปิดร้านเทยาในความน้ำมัน
1561100	1586200	แต่ godtอยุตอิ숙ๆINGSồiัตขยอมบัด 궁
1586200	1589200	ผมเข้าใจว่ามีโรงเรียนเพ้าใจคร breakdown
1589200	1591200	เราก็ไปดูโรงบารมันค่อนช้างมาก
1591200	1595200	แล้วก็เพราะว่ามันก็ไม่มีใครขายถูกนะครับ
1595200	1597200	คือเราก็ต้องบอกว่าแพงแล้ววันนี้
1597200	1601200	เราก็ต้องยอมซื้อเพื่อมันเป็นการถูกในระยะยาวนะครับ
1601200	1604200	เราจะเห็นว่ามีการเทคโอเวอร์ของโรงบาร
1604200	1606200	ของหลายๆกลุ่มทุนเนี่ย
1606200	1609200	ผมเองก็เชื่อมันว่าไม่มีใครซื้อถูกนะครับ
1609200	1612200	ถูกแพงในความหมายนี้อาจจะเป็นแพง
1612200	1614200	แพงในความว่าเอออาจจะ
1614200	1616200	สิบเท่าหรือได้ต่างๆนะครับ
1616200	1618200	ก็คิดว่าไม่ต่างอะไรกับ
1618200	1620200	ในอินเตอร์สตรีอื่นอื่นเหมือนกันนะครับ
1620200	1623200	ที่ถ้าถูกก็โคตรไม่ขายนะครับ
1623200	1625200	แต่ถ้ามันก็จะมีถูกไปเลย
1625200	1627200	ที่มันไม่ได้โอเคเท่าไหร่
1627200	1629200	ก็คงเป็น...
1629200	1631200	ก็ซื้อไปก็คงจะยากนะครับ
1632200	1635200	ก็ถ้าฟื้นนี้เรามีมุมมองว่า
1635200	1637200	utveckลăngคิดที่มีสำไหร่
1637200	1647200	การที่เราจะทำก็จะดีatiร่วมต้นคิดที่
1647200	1653760	มัน eskeขยับหรือ inequality
1654040	1657040	ตอนที่เราจะไปปรับมันจะยาก
1657040	1658040	แต่ว่ามันอินเตอร์สตรีที่วิทย์
1658040	1660200	มันมีสำ techต่อผ้ำ saves
1660200	1665500	ที่แข่งขันได้นะครับ นั้นจากโรงบาลนักคอร์ภัทรเนี่ย สร้างมา 14 ปีแล้ว
1665500	1670660	ก็มีถ่ายลูกค้าพร้อมช่างมาก แล้วก็อยู่ก่างหมู่นะครับ ที่ดินเจ็ดไล่
1670660	1675660	ขวามูลเป็นโรงบาลมหาราค นักคอร์ศิฐธรรมลา สายหมึกโรงบาลนักคอร์ศิฐธรรม
1675660	1681160	ไม่ต่างกับโรงบาลธรรมลีนะครับ ที่อยู่ใกล้กับโรงบาลศีลา ประมาณนั้นนะครับ
1681160	1688160	เพราะฉะนั้นเนี่ย ก็มองว่าในระยะยาวมันมีศักยภาพ เกิดอย่างนี้ของตัวจังหวัดเองนะครับ
1688160	1693660	ที่นักคอร์ศิฐธรรมลา ก็เป็นข้างข้างจังหวัดใหญ่ และเราก็มีแผนที่อยากจะเป็นโรงบาล
1694660	1704160	ก็คิดว่า ก็เลยนะครับ จริงๆ ก็มีการได้เรียนเชิญบอลของเรา ซึ่งก็เป็นแผนที่ไปดู พุทธก็ให้คำแนะนำ ให้ความคิดเห็นนะครับ
1704160	1711160	เพราะฉะนั้นก็ในระยะไม่ต้องถึงกับการไปยาว มันก็จะดีก็เรื่อยๆนะครับ
1711160	1731260	ข้อพี่สาม หลังๆสิ่งข้าออกใหม่ของเรารูปไม่ฟังและออกซ่ำเกิดปัญหこちらที่เห็นสิ่งข้าออกใหม่ต้องใช้เวลาในการ fought swings wouldn't matter
1731660	1738460	เมื่ออย่างเป็น� estoyก็ควรค้น intersect it on walk too
1738460	1743960	พ็รก็ไม่สามารถจะซังวันปีเดียว แล้วก็ขึ้นมา
1744000	1749220	ผมต้องค่อยๆดูกันไปเรื่อยๆraleก็จี้งๆแล้ว
1749260	1751500	หลักจ่าลของเราก็คือเราต้องกันไปพิษถุตของเองในโรงบ้าน
1751520	1756960	สิ่งนั้นนี่สิบแล้วบางทั่งเหล hahahaมรกต้องก็ไปเข้าลงบ้าน
1757000	1763480	หรือไม่ได้ทำถ้ację็ター τallowี Jaiya
1763480	1767480	แต่ว่ามันก็มีความเสียง เราก็อยากจะบรรยาลระหว่าง
1767480	1771480	ความเสียงกับการที่เราจะต้องไปเล่นมันให้คนรู้เร็วๆ
1771480	1774480	มันก็จะต้องบรรยาลพอสำคัญ
1774480	1779480	แต่เราคิดว่าสิ่งทางออกใหม่ของเราก็อยู่ในระดับที่
1779480	1782480	ที่พรุ่งพอใจนะครับ
1782480	1786480	ไม่ว่าจะเป็นกลุ่มภูชนาศพิษฐตรงใหม่ๆ
1786480	1791480	หรือไม่ว่าจะเป็นอะไรอย่างเช่นกลุ่มยาอะไร
1792480	1795480	ก็ต้องใช้เวลาครับ
1795480	1801480	เพราะว่าผู้นำตลาดสองแบรนด์ก็ทำตลาดมานานพอสมควรนะครับ
1801480	1805480	แล้วเราก็คิดว่าในแรกของคุณภาพเราดีแน่นอนนะครับ
1805480	1811480	ไม่ว่าจะเป็นแรกของตัวยาน แรกของแพคเก็จจิ้ง เรื่องของอะไรต่างๆ
1814480	1819480	ความถามทัดไป เรามอง M&A อย่างไรบ้างตรงนี้
1819480	1821480	too.
1821480	1826520	เราก็คิดว่า งั้นน่าก็สินๆก็มีแบด 항상 Fort
1828520	1835480	ตอนcesueมันเข้างั้น ผม 47
1839480	1845480	剛剛ใส่คำสั่งเพิ่มกัน weird นะครับ
1845480	1847480	ถ้าโดนควบคázก็เท่ coward
1847480	1854660	เรื่องขึ้นไปหน่อยครับ
1854660	1862180	นะนำว่าบิศัตร์ควรแต่งตั้ง IR กับติดต่อสอบถามข้อมูลอะไรไม่ได้เลยครับ
1862180	1867020	ก็ยังรับว่าตอนนี้เราบิศัตร์ตัวเองไม่ได้ IR นะครับ
1867020	1873660	เราก็มีการเอาซอสให้กับบิศัตร์หนึ่งที่จะทำ IR
1873660	1877160	ที่ที่APPLAUSE still Patternastic
1877160	1878700	ก็ด้วยกัน
1878700	1880700	ลื่วatan
1880700	1882460	จะแตะตรง ๆ คร้ายกัด
1882460	1884360	เราจะเข้ามาแปลว่다면
1884360	1884700	พacjiแสดง
1884960	1887200	ความระดูกกับความจริง一個 mateix
1887200	1888880	ความเลย
1890240	1893660	แล้วสำคัญครึง puppet
1894840	1896520	ใน km projector
1897280	1901980	ด้่างนี้ตก Milk
1901980	1903040	นำมืด
1903040	1905800	นี่ผมพูดพอเท่าที่พอจะพูดได้นะครับ
1906060	1908780	โอเค ก็ไม้ให้ผิดประวีศนะครับ
1909260	1910580	คือคือเนื่องโน้มนะครับ
1911200	1913280	แล้วไลนгดกำไรอย่างๆเราคิดว่า
1913700	1915420	ที่เราจะเกิดขึ้นในคิว3-คิว4จะเหมือนคิว1
1915940	1919500	ก็จริง ๆ แล้วเป็น เป็น crowd开始
1920360	1923120	แล้วทำไรแบบจริง ๆ แล้วมันก็ใกล้เคียงแบบ
1923700	1925540	แบบ�ว่าจะเหมือนไทยมาร์ด 1
1925540	1930540	สำคัญคือ ว่าเราจะดึงเงินกำไรไปยิงข้อสนา มากน้อยแค่ไหน
1930540	1934540	ก็น่าจะเป็นตัวที่สำคัญนะครับ
1934540	1939540	เราก็อยากจะโชว์เห็นว่าถ้าเราเอาข้อสนา กลับเข้าไป
1939540	1941540	จริง ๆ แล้วก็มันควรจะเป็นแบบนี้
1941540	1944540	แต่เราจำเป็นที่ต้องเอาเงิน ไปสร้างแบรมนะครับ
1944540	1947540	เพราะว่าแบรม Parasetimals ท. ท. ท. ที่ดงดังมา
1947540	1950540	ก็เกิดจากการดึงข้อสนา ให้การรับรู้
1950540	1952540	ค่อนข้างมากนะครับ
1952540	1958540	ไม่ว่าจากสื่อทีวี สื่อวิทยุ สื่อแม้ก็ถ้าในโรงหนัง
1958540	1963540	อะไรวัดเอเวอร์เนี่ย ค่อนข้างจะดึงกันพอสมควรนะครับ
1963540	1966540	แต่ก็อยากจะบอกน้อยลงเท่นมาก เราเชื่อมั่นนะครับ
1966540	1968540	ว่าเป็นราภาลาวน้อย คุณภาพดีนะครับ
1968540	1970540	มีการทำวิศัยก่อน ที่เราจะรอด
1970540	1975540	เพราะฉะนั้น ท่านพวดเมื่ออะไรต่างๆ ลองทาดู
1975540	1979540	ไม่จำเป็นจะต้องกินยาเอ็นเซตแรงแรง ได้กับกระเพอร์นะครับ
1979540	1982540	แล้วก็แผนกว่าด้วยนะครับ
1982540	1985540	จริง ๆ แล้วมันมีแล้วได้ผลนะครับ
1985540	1987540	แล้วก็แผนจัดจิ้งเราต่างๆนะครับ
1987540	1989540	แผนจัดจิ้งที่มีควณภาพนะครับ
1989540	1994540	มันเป็นแบบมิสเซอร์แพค ที่จะทำให้คุณภาพยังคงอยู่
1994540	1996540	แล้วก็จะทำให้การโดดสุดอะไรต่างๆ
1996540	2001540	ไม่ได้ไว้ลงจากการที่แพคเกจิ้ง ไม่สามารถรัสสาบความชูน
2001540	2003540	อะไรต่างๆได้นะครับ
2005540	2010540	ทำไมรายได้ส่วนที่เป็นเวศพันธ์ และยาลับรัสส่วนโล่งยอดถ่ายถึงได้ลง
2010540	2013540	ตอนนี้ส่วนหนึ่งเนี่ย ก็เกิดจากการที่เรา
2013540	2017540	ในซึ่งปีแรกก็ยอมรับบอกว่าเรากำลังมากกятно่ Ham Wert
2017540	2019540	และเราก็เลยการมีว่า
2019540	2023540	เราBIO Anime Volume ล้อดลงแต่กำลังอีกมากขึ้น
2023540	2029000	แต่ตอนนี้เรายอมรับว่า เราภยังจะเพิ่ม อสิณภาพในการการมารีจ
2029000	2042700	เพื่อ
2042700	2049700	ในแต่ละแบบไซน์เนี่ย สามารถลดสมมติ
2049700	2053700	สมมติเรามีวัตถุดิบร้อย เราก็จะทำได้ร้อยกล่อง
2053700	2058700	อาจจะทำได้ 97 กล่อง ไม่ได้ทำได้แค่ 94 กล่องอะไรกว่ามานี้เลยครับ
2058700	2062700	คิดว่าในใต้มัตร 3 ใต้มัตร 4 จะดีขึ้นนะครับ
2062700	2072700	ทำไมลายได้ ส่วนที่การอาหารเสริมโภชนาเทศ ถึงได้มียอดแข่งรถนม
2072700	2076700	ก็ยอมรับว่าเหมือนเหตุผลต่างหลังกัน
2076700	2080700	ตั้งแต่ต้นปีต้นมา เรามีการปรับราคาไป
2080700	2085700	ก็มีการสะพบอยู่เหมือนกัน แล้วก็เลยมีการดีวิศิตร์อยู่
2085700	2090700	ว่าเราจำเป็นที่จะต้องให้โปรโมชั่นอะไรต่างๆ จับไปในราคาเดิม
2090700	2094700	แต่ว่าเราพยายามที่จะลดต้นหวังในการผลิตลง
2094700	2099700	ตอนนี้เราก็คิดว่าในตัยมาส 3-4 น่าจะจับมากนะครับ
2099700	2105700	ร้านขายยา นับประชบัญเปิดได้กี่สาขาแล้วนะครับ
2105700	2110700	เพราะประชบัญ ที่เพิ่งโชว์ในสลาย Little Walk น่าจะเป็นสาขาที่ 28 นะครับ
2110700	2116700	แล้วก็ครึ่งปีหลัง น่าจะเป็น 3 เดือนหลังนะครับ
2116700	2121700	อันนี้เหลือแค่ 3 เดือน นี่ก็คิดว่าน่าจะเปิดได้ประมาณ 3-4 สาขานะครับ
2121700	2124700	ปีนี้เราก็จะจบที่ 30-31
2124700	2127700	คือคือต้องยอมรับว่าโดยหลักจายของเราเนี่ย
2127700	2130700	ตั้งแต่เราตั้งบริษัทมา หรือข้อตลาดมา
2130700	2135700	เรามันจะตั้งตาม Pro-Setting Theory นะครับ
2135700	2138700	ที่เราทำแผนจะค่อนข้างสูงนะครับ
2138700	2141700	มันแค่ไกลว่าเราตั้งเป้าว่าจะปิด
2141700	2144700	น้องน้องฝ่ายเซ謝ตั้งเป้าจะปิด 120
2144700	2147700	ถ้าไม่ได้ Political� collect 覺得 100
2147700	2151700	จะไปสอบการที่ไหนนะ backupต้องตั้งเป้าเกินไว้ก่อน
2151700	2154700	เพราะฉะนั้นนี้ เราก็เลยเราตั้งเป้าว่ report 35
2154700	2157700	If we cannot get that result we can get at least 3-11
2157700	2160700	ถ้าเราตั้งเป้าจาก 20 ค่ะแค่ 30 บาท
2160700	2163700	bye-bye ละเราตกมา จะเหลือ 25 left
2163700	2166280	ก็เป็นเรื่องที่เราบอกติดละ
2166280	2170700	ในเทศการENN ที่ต้องพияхเซธไปกลุ่ม
2170700	2176160	เราเปิดโดยไม่สะดุดอะไร ไม่ว่าจากเรื่องของการแรนลอดส่งมอบ พรุ่งพี่การยืนขอริยศอร์ยอล
2176160	2184160	เราจะเปิดได้เท่าไหร่ เพื่อให้มันอยู่ในสปีดในการทำแบบเป็นที่
2184160	2191160	ก็คำตอบก็คือ น่าจะเปิดได้อยู่ต่อ 30 ถึง 31 สาชาติ
2191160	2196160	เพราะเราเจอว่าอย่างตอนนี้ ที่ภูเก็ตก็ใช้เวลาค่อนข้างมาก
2197120	2205120	แล้วก็ในการที่จะออกแบบ ดีไซน์ แล้วก็การต่อสร้างด้วย
2205120	2212120	คลอสโพฟิตของร้านยานแหลปฟอมเมษี ปัจจุบันก็ดีเสียเรื่อยๆนะครับ
2212120	2220120	คลอสโพฟิตเหรอนะ จะอยู่ที่ 40% ได้นะครับ
2221080	2229080	ตอนนี้เราก็ตั้งเท้าไว้ว่า เราอยากเจอเหลือนิดฟฟิตอยู่ประมาณ 8%
2229080	2236080	ผัดไป ไม่คำถามเกี่ยวกับโรงงานผลิตยา เรื่องขึ้นไปไหน
2236080	2241080	สำหรับโรงงานผลิตยาทั้งหมดนะครับ เป็นการใช้คำวังการผลิต 20%
2241080	2249080	ก็ที่อายุทยาเนี่ย ยอบรับว่าปัจจุบัน ใช้คำวังการผลิตยา
2249080	2265840	จ้านไม่ใช้คำวังการผลิต ไม่ได้มากเท่าไหร่เนี่ยครับ อยู่ที่ประมาณ 30%-40% เองเลย
2265840	2268780	ก็เพื่อคุยกับพระนาศฺิษกัน
2268780	2272340	คุยเช่นไปอยู่โรงงาน Lotus Pharmaceutical
2272340	2276180	ของภาพ Rathore ที่ไทยวันเมื่อสองเดือน überall
2276180	2280540	แล้วทำข้างเองก็มีจันมาออดิตโรงงาน3 รอบ
2280540	2283620	ก็ตำรวจงร่วมกันเนื่องอะไรๆ
2283620	2285620	ต้องใช้เวลาไปหมดเลย
2285620	2289660	กับการไปคุยกันความร่วมมูลกับ
2289660	2294180	ทุกศาสตร์หนึ่งที่มงจีนก็ยังกล่อนโรงงาน
2294180	2299180	ก็คิดว่าถ้ามันขึ้นได้ยังไงก็จะมาเรียนใน Oxenity Day ครั้งหน้า
2299180	2307180	แต่ว่าเดี๋ยวกันเราก็มีการโอน Transfer ดำหลับยานหลับไปที่อายุทยานะครับ
2307180	2314180	เพื่อ Field Capacity อย่างเช่น Bela Phara จะติดอยู่ใต้โรงงานที่อายุทยา
2314180	2319180	ก็คิดว่าจะทำให้ใช้ Capacity มันมากขึ้นเรื่อยๆนะครับ
2320180	2325180	สำหรับสมุดปราการตอนนี้ก็ฝั่งยานเนี่ย ใช้อยู่ที่ 100% อีกแล้ว
2325180	2329180	ฝั่งที่เป็นผลิตอาหารเสริมก็ยังเหลือ Capacity นะครับ
2329180	2333180	ตอนนี้เราก็เริ่มเปิดรับที่จะรับจ้างผลิตให้เบสัตว์มากขึ้นนะครับ
2333180	2336180	ปฏิบัติเรารับจ้างผลิตให้อยู่ 2 เบสัตว์นะครับ
2336180	2341180	คือทาง ThaiUnion จากทาง PortoTor Pai ใต้เบสัตว์ InnoBit นะครับ
2341180	2346980	อันนี้ก็เริ่มมีการคุยกับยอมรับว่าเราจะรับแต่pohililsatinia
2347680	2365580	เพราะที่เราคิดว่าต้องจาร in
2365580	2367080	ก็ขอ bodyshop
2367080	2368080	ทั้งสองประ Ricota hamburger
2368080	2371080	ไม่ว่าจะถ่าย Union หรือ ทาง Innovate เนี่ย
2371080	2375080	ก็มีแผนที่จะทำการแช่งเชิดลาด
2376080	2379080	ตอนนี้เราก็มาคุยกับอีกสองแลต
2379080	2381080	เป็นการที่จะเข้ามาจ้างภาริต
2382080	2384080	คำถามต่อไป
2384080	2388080	เบลล่าพลาที่ใช้แผนเป็นอลูมินีย์
2388080	2391080	แผนกว่าคุ้งแข่งที่ใช้พลาสติกไหมครับ
2391080	2394080	เราแผนกว่าคุ้งแข่งสองบาทกับแผน
2394080	2396080	เรามีอะไรดีกว่าครับ
2396080	2399080	ก็คือ にังนี้ครับ
2399080	2401080	จริง ๆ แล้ว และนี้
2401080	2411940	ของเชิ
2411940	2413940	เป็น PhD หลายท่าน
2413940	2419240	เรามีเพศาสตรกร มีศัตรวัตรแพรต มีนับวิดีอาศาสตร์
2419240	2421240	โดยหลักการเนี่ย
2421240	2423240	มันคือเป็น WISER-PAC เนี่ย
2423240	2426440	มันจะเป็นการวิจัยรับศาสตร์ควณภาพผม
2426440	2428440	อยากได้ดีกว่า
2428440	2430440	นะครับ
2430440	2432440	เพราะฉะนั้นเนี่ย
2432440	2434440	แต่ผมไม่สามารถจะพูดถึงแบบอื่นได้นะ
2434440	2436440	คือเพราะฉะนั้นเนี่ยจริงๆแล้ว
2436940	2438940	เราคิดว่า WISER-PAC เนี่ย
2438940	2440940	เราต้องเหน็งควณภาพไว้ก่อนนะครับ
2440940	2442940	แล้วการที่เป็น WISER-PAC เนี่ย
2442940	2444940	มันจะถูกพัสสิกแก้ว
2444940	2446940	ที่เป็นแบบนิ่มๆอย่างนั้นเนี่ย
2446940	2448940	ในการเก็บรัฐภาพความชื้นนะครับ
2448940	2450940	เพราะฉะนั้นเนี่ย
2450940	2452940	เราจะพร้อมว่าการที่มันสามารถรัฐควณภาพได้
2452940	2454940	เก็บรัฐภาพความชื้นได้
2455440	2457440	มันก็จะทำให้โรยาได้เต็มเต็มนะครับ
2457440	2459440	ปวดสุดได้ดี
2459440	2461440	ออกลิ่นได้เร็วนะครับ
2461440	2463440	ก็จะแก้ปวดประจำเดือด
2463440	2465440	ปวดท้อปวดอุ่นด้าน
2465440	2467440	ไม่จะเอาไปกินยาแรงๆ
2467440	2469440	ก็ต้องยอมรับว่าต้นหุ่มก็แพงกว่านะครับ
2469440	2471440	เราก็ถือว่าเราเที่ยบเคียงกับ
2471440	2473440	เป็นธรรมสำหรับ
2473440	2475440	ประชาชาตินะครับ
2475440	2477440	ที่อาจจะ
2477940	2479940	ที่ท่านรู้จักดีมานานนะครับ
2479940	2481940	เรามอง เรามอง
2481940	2483940	ว่าเราอยู่ในระดับเบียงกันตรงนั้นนะครับ
2483940	2485940	เพราะว่า
2485940	2487940	ทั้งในแง่มัตรฐานจานผลิต
2487940	2489940	โรงงานเราเป็นระดับมัตรฐานโล่งอยู่แล้วนะครับ
2489940	2491940	ผมเองอยู่กับศาสตร์ข้ามชาติมานานนะครับ
2491940	2493940	ก็คิดว่า
2493940	2495940	เราไม่ได้ด้อยกว่าเลยครับ
2495940	2497940	ทั้งในแง่คุณภาพ
2497940	2499940	การผลิต
2500940	2502560	อยากสอบ
2502560	2504560	ถามซีวิต้า
2504560	2506560	กับ อยู่ดูเงี้ยม x2
2506560	2508560	เราจะเคลียร์ท เป็นอย่างไร
2508560	2510560	ขอเคลียร์ว่า
2510560	2512560	ซีวิต้า dzieเ� Speaking of
2512560	2514560	ซีวิต้า monsters
2514560	2516560	ซีวิต้า está Vict looking
2516560	2518560	ซีวิต้า J's
2518560	2520120	เป็นต่อจ้างลง พลิตได้哥 LS
2520120	2522440	เป็นการตลาดนี่ถึง Actfps บ investments
2522440	2524440	experiencing
2524440	2525440	囉 ICE
2525440	2526940	!*
2526940	2529240	Bival case
2529240	2531740	ถ้าเค้ามาจ้าง ต้องเงียบลง
2531740	2534740	ก็จะมาจ้างแล้วผลิตลดลงอันนี้
2534740	2536740	แต่ว่าถ้าพายต้าเป็นสัตว์โน่มทุน
2536740	2540740	เราจะอยู่พายต้าแบบที่เรียกว่า อินเตอร์ฟอร์มัสซีวิต้า
2540740	2542740	ปัจจุบันจะมีสองตัวหลักหลังนะครับ
2542740	2544740	ก็คือ ลิซ่า ดีเอสเอ
2544740	2547740	ก็คือว่าลิซ่า ดีเอสเอ ตอนนี้ดีขึ้นเรื่อยๆนะครับ
2548240	2551240	ทางไทยนี้เนี่ย เค้าพึ่งพอใจกับผลประกอบการณ์นะครับ
2551240	2554240	เพราะว่า มันก็กำลังดีขึ้นเรื่อยๆนะครับ
2554240	2556740	ตัวลิซ่า ดีเอสเอ 600 เวกรัม
2556740	2558740	ตัวนั้นคือ ทรูโบ้นะครับ
2558740	2563740	ทรูโบ้เนี่ย มันในแรกกับทางตลาด OTC หรือ คอสโตเมอร์
2563740	2565740	อาจจะไม่ได้รับรู้นะครับ เพราะว่า
2565740	2568740	ในวิศัยทัดในแผนโคลเย็ตนี้ที่ตกลงกัน
2568740	2571740	ก็คือการที่เราจะเอาไปเข้าลงพยาบาลก่อนนะครับ
2571740	2574740	เพราะฉะนั้นเนี่ย การขายเราไม่ได้จะไปขาย
2574740	2577740	ค่อนข้างเป็นว่าอาจจะอยู่ มีอยู่ที่ร้านแหลบบ้าง
2577740	2581740	ตัวทรูโบ้นะครับ ปัจจุบันก็เข้าไปได้อยู่ประมาณ 6 โรงเชียบาล
2581740	2584740	แล้วก็คีนิกประมาณ 50 กว่าคีนิกนะครับ
2584740	2586740	เรากำลังไล่ผ่านเข้านะครับ
2586740	2589740	เราก็รอสักไม่นานอยู่ ที่พี่เคยเรียนอีกครั้งนะครับ
2589740	2592740	การจะเข้าลงบาลมันใช้เวลาเป็นปี
2592740	2595740	แล้วระหว่างทางเนี่ย ถ้าไม่มีคนภาพ
2595740	2597740	มันก็จะตายไปนะครับ
2597740	2600740	เพราะจุดเริ่มต้นเลยคุณต้องไปพิเศนต์ก่อน
2600740	2604740	หลังจากนั้นเขาจะขอทดลองใช้อาจจะ 15 เคล็ด 20 เคล็ด
2604740	2608740	เหมือนเป็น pilot study ถ้าใช้แล้ว
2608740	2612740	คนใครดีขึ้นได้ผลก็ถึงจะมุกไปสเต็ปชัดไป
2612740	2615740	อยากจะเรียนทุกภาพเลยว่ามันมีแบนอาหารเสริม
2615740	2617740	แบนเขาจะตายแบนเลย
2617740	2620740	เช่นวัฒนโปรไคติกเหมือนจากอินเตอร์ฟามา
2620740	2623740	ก็อยากไปเข้าลงบาลเหมือนกัน
2623740	2626740	แล้วก็ไปเสนอแล้วครับ
2626740	2629740	ก็กดว่าทางแพรศพลองใช้แล้วก็ไม่ได้ผล
2629740	2631740	ก็ตายไปนะครับ
2631740	2634740	เพราะว่าจริงๆแล้วมันต้องอยู่ในมาตรฐาน
2634740	2637740	ในการผลิตที่สังข้างสูงนะครับ
2637740	2640740	อย่างนั้นจริงๆแล้วทุกท่านถ้าจะไปทานย่ออื่น
2640740	2643740	อาจจะดูแล้วเหมือนถูกกว่า
2643740	2646740	แต่จริงๆแล้วมันอาจจะไม่ได้อะไรเลยเหมือนท่านกินแป้ง
2646740	2649740	แล้วอาจจะมีความเสี่ยงด้วยถ้าโรงงานไม่มันตรฐานนะครับ
2649740	2652740	แล้วก็สิ่งที่น่ากลัวมากๆ คือสารคนเพื่อนนะครับ
2652740	2655740	แทนที่ชั้นจะบรรมงค์สุขภาพ
2655740	2658740	แต่กลายเป็นมากท่านเสียสุขภาพนะครับ
2658740	2661740	เพราะฉะนั้นเนี่ยก็มีสิ่งที่คน
2661740	2664740	จริงๆแล้วต้องยอมรับว่าคุณจะทานอะไรเข้าไปเนี่ย
2664740	2667740	จะดูแต่เรื่องราคาอย่างเดียวนะครับมันเป็นความอันตรา
2667740	2670740	ถ้างั้นสู้ไม่กินจะดีกว่านะครับ
2671740	2674740	สำหรับ Catholic Church put pasa
2674740	2677740	going to be Loei
2677740	2680740	ですagenic
2680740	2683640	ก็ต้องใช้ของการการ fixed
2683640	2695640	venir
2695640	2698640	บรรยายธรรมอิสลาม Zero
2698640	2701600	ก็ไม่ได้ยิ่งในเท่ายานPhone miejsc.
2701600	2704380	เพราะไม่อยากให้เงียบ เผื่อเจ้าจะต้องมายิ่ง่ายๆอีก
2704380	2706960	แต่มันอาจจะไม่เงียบนะครับ
2706960	2709180	situação gördือว่าหมดเวลาพอดี
2709180	2712540	มันสร ditch treat ทำปีหน่อย jergenนี้ก่อน pony มาขวางสำหรับความถามนะค
2712660	2715940	ผมขอขอบคุณทุกท่านในครับที่รับฟังนะ
2715960	2718820	แล้วก็ ครอบทุกท่านศลภภดีนะครับ
2719000	2723360	FeyzSuper on Fx.
2723360	2726360	ในการเติดตัวแบบ sustainable นะครับ
2726360	2728360	อาจจะต้องรอผลงานนิดหนึ่งนะครับ
2728360	2730360	ในการที่เราจะเติดตัวนะครับ
2730360	2734360	เราไม่ได้เป็นประสาทที่จะทำงานแบบปีหัวเข้าบ้านนะครับ
2734360	2739360	ผมคิดว่าหลายใดๆ มันจะเกิดขึ้นในระยะการกับระยะยาวครับผม
2753360	2757360	โปรดติดตามตอนต่อไป
